,ID,Title,Área industrial,Nombre empresa,Logotipo,Descripción empresa,Descripción corta empresa,Sector,Actividad,Dirección,Nave,Código Postal,Página web,Email,Teléfono,CIF,CNAE,Enlace Street View,Taxonomía,empresa_mostrar_mapa_lat,empresa_mostrar_mapa_lng
,10036,Cenfarte (Centro Farmaceútico del Norte),Polígono Industrial de Candina,Cenfarte (Centro Farmaceútico del Norte),,,Centro farmacéutico del norte,Distribuidor,Productos farmacéuticos,C/ Rio Pisueña - PI CANDINA,39,39011,,cenfarte@cenfarte.com,942334609,A39000849,Comercio al por mayor de productos farmacéuticos,,Polígono Industrial de Candina,,
,10037,Arcelor Mittal Distribución-Santander,Polígono Industrial de Candina,Arcelor Mittal Distribución-Santander,,,Distribuidor de Acero,Venta,Metales Minerales,C/ Rio Pisueña - PI CANDINA,S/N,39011,,santander.di@arcelormittal.com,942337900,A81046856,Comercio al por mayor de metales y minerales metálicos de España,,Polígono Industrial de Candina,,
,10038,Panusa,Polígono Industrial de Candina,Panusa,,,Panadería,Elaboración,Alimentos,C/ Rio Pisueña - PI CANDINA,S/N,39011,,admon@panusa.es,942335708,B39464623,Fabricación de pan y de productos frescos de panadería y pastelería,,Polígono Industrial de Candina,,
,10039,Distribuciones Corla,Polígono Industrial de Candina,Distribuciones Corla,,,Tienda de vinos,Almacén,Bebidas,C/ Concejo - PI CANDINA,S/N,39011,,info@corla.es,942337272,B39339106,Comercio al por mayor de bebidas,,Polígono Industrial de Candina,,
,10040,Automoción Garaje Sancho SAAB,Polígono Industrial de Candina,Automoción Garaje Sancho SAAB,,,Concesionario automóviles Santander,Concesionario,Automóviles,Av. Candina - PI CANDINA,S/N,39011,,garagesancho@infonegocio.com,942336022,A39018411,Mantenimiento y reparación de vehículos de motor,,Polígono Industrial de Candina,,
,10041,Vidrios Cobo,Polígono Industrial de Candina,Vidrios Cobo,,,Cristalero,Tienda,Cristalería,C/ Rio Pas - PI CANDINA,69B,39011,,vidrioscobo@vidrioscobo.com,942578226,A39234034,Manipulado y transformación de vidrio plano,,Polígono Industrial de Candina,,
,10042,HidroCantabria S.L.,Polígono Industrial de Candina,HidroCantabria S.L.,,,Tienda de Electricidad,Almacén,Electricidad,C/ Rio Pas - PI CANDINA,8,39011,,info@hidrocantabria.com,942347777,B39885504,Comercio al por mayor de otra maquinaria y equipo,,Polígono Industrial de Candina,,
,10043,Saltoki Materiales de Construcción,Polígono Industrial de Candina,Saltoki Materiales de Construcción,,,Tienda de materiales de construcción,Oficios / Construcción,Materiales,C/ Rio Pas - PI CANDINA,Naves 22 Y 24,39011,,cantabria@saltoki.es,942333902,A39673942,"Comercio al por mayor de madera, materiales de construcción y aparatos sanitarios",,Polígono Industrial de Candina,,
,10044,Talleres Oran S.L.,Polígono Industrial de Candina,Talleres Oran S.L.,,,"Servicio de estampado, moldeo, y troquelado de metales en Santander",Taller,Carpintería Metálica,C/ Rio Besaya - PI CANDINA,15,39011,,oran@oranauto.com,942323968,B39733746,"Forja, estampación y embutición de metales; metalurgia de polvos",,Polígono Industrial de Candina,,
,10045,AD Cantabria,Polígono Industrial de Candina,AD Cantabria,,,Tienda de repuestos de automóviles usados en Santander,Repuestos,Automóviles,Av. Candina - PI CANDINA,S/N,39011,,administracion@adcantabria.es,942337676,A39028998,Comercio al por mayor de repuestos y accesorios de vehículos de motor,,Polígono Industrial de Candina,,
,10046,MRW   yo tengo DHL,Polígono Industrial de Candina,MRW,,,Paquetería,Mensajería,,C/ Pintor - PI CANDINA,Nave 2,39011,,03600@grupomrw.com,942354415,H39494364,Otras actividades postales y de correos,,Polígono Industrial de Candina,,
,10047,Alquiler Furgonetas Santander Hertz,Polígono Industrial de Candina,Alquiler Furgonetas Santander Hertz,,,Agencia de alquiler de furgonetas en Santander,Alquiler,Vehículos,C/ Gerardo de Alvear - PI CANDINA,S/N,39011,,,667873210,B28121549,,,Polígono Industrial de Candina,,
,10048,Pro Box Santander,Polígono Industrial de Candina,Pro Box Santander,,,Gimnasio en Santander,Gimnasio,,Av. Candina - PI CANDINA,21,39011,,info@probox-santander.com,690000618,B39786926,,,Polígono Industrial de Candina,,
,10049,Saltoki,Polígono Industrial de Candina,Saltoki,,,Tienda de artículos de fontanería en Santander,Oficios / Construcción,Materiales,Av. Candina - PI CANDINA,22,39011,,cantabria@saltoki.es,942333902,H39673942,"Comercio al por mayor de madera, materiales de construcción y aparatos sanitarios",,Polígono Industrial de Candina,,
,10050,Nacex,Polígono Industrial de Candina,Nacex,,,Paquetería,Mensajería,,Av. Candina - PI CANDINA,20,39011,,atencion.cliente@nacex.com,942345353,B62745765,Otras actividades anexas al transporte,,Polígono Industrial de Candina,,
,10051,Petroprix,Polígono Industrial de Candina,Petroprix,,,Gasolinera,Gasolinera,,Av. Candina - PI CANDINA,15,39011,,info@petroprix.com,953900009,B23709892,Comercio al por menor de combustible para la automoción en establecimientos especializados,,Polígono Industrial de Candina,,
,10052,Cafetería Avenida Candina,Polígono Industrial de Candina,Cafetería Avenida Candina,,,Cafetería,Hostelería,Cafetería,Av. Candina - PI CANDINA,6,39011,,osmancabadakantalya@gmail.com,942301768,B39710702,Establecimientos de bebidas,,,,
,10053,Lostal,Polígono Industrial de Candina,Lostal,,,Proveedor de materiales y almacén de construcción en Santander,Oficios / Construcción,Materiales,Av. Candina - PI CANDINA,9,39011,,correo@lostal.com,942335300,H39004007,"Comercio al por mayor de madera, materiales de construcción y aparatos sanitarios",,,,
,10054,Ambuiberica Santander,Polígono Industrial de Candina,Ambuiberica Santander,,,Servicio Ambulancias en Santander,Transporte,Ambulancias,Av. Candina - PI CANDINA,20,39011,,jlera@ambuiberica.es,902999852 / 942320859,B24043341,Otras actividades sanitarias,,,,
,10055,Amichi Serigrafía,Polígono Industrial de Candina,Amichi Serigrafía,,,Impresora de pantallas en Santander,Imprenta,,Av. Candina - PI CANDINA,24,39011,,sarabia@amichiserigrafia.com,942324913,H39412671,Otras actividades de impresión y artes gráficas,,,,
,10056,Herveluz,Polígono Industrial de Candina,Herveluz,,,Tienda de materiales para la construcción en Santander,Almacén,Electricidad,C/ Peña Sagra - PI CANDINA,4,39011,,herveluz@herveluz.com,942320132,H39332234,Comercio al por mayor de equipos electrónicos y de telecomunicaciones y sus componentes,,,,
,10057,Isquion Marketing Médico,Polígono Industrial de Candina,Isquion Marketing Médico,,,Diseñador web en Santander,Marketing,Médico,C/ Peña Sagra - PI CANDINA,2,39011,,ecommerce.sdr@gmail.com,942766476,B39793096,Comercio al por menor por correspondencia o Internet,,,,
camargo,10058,Chiwawap,Polígono Industrial de Candina,Chiwawap,,,"Productos de limpieza, higiene y desechables ecológicos.",Almacén,Productos limpieza,C/ Gerardo de Alvear - PI CANDINA,6,39011,,info@chiwawap.com,942104884,B39848049,Comercio al por mayor de productos de perfumería y cosmética,,,,
,10059,Maderas Candina Carpintería interior,Polígono Industrial de Candina,Maderas Candina Carpintería interior,,,Interiorista en Santander,Fábrica,Muebles,C/ Gerardo de Alvear - PI CANDINA,5,39011,,maderascandina@gmail.com,942552529,B39851340,Fabricación de otras estructuras de madera y piezas de carpintería y ebanistería para la construcción,,,,
,10060,Noldemann,Polígono Industrial de Candina,Noldemann,,,Servicio de comercio electrónico en Santander,,,Av. Candina - PI CANDINA,122 E,39011,,,,,,,,,
,10061,Talleres Manolo,Polígono Industrial de Candina,Talleres Manolo,,,Taller mecánico en Santander,Taller,Automóviles,Av. Candina - PI CANDINA,3,39011,,talleresmanolosc@gmail.com,663712042,J39616834,Mantenimiento y reparación de vehículos de motor,,,,
,10062,Würth,Polígono Industrial de Candina,Würth,,,Empresa de suministros industriales en Santander,Oficios / Construcción,Materiales,C/ Peña Sagra - PI CANDINA,"2, Nave 3",39011,,asantander@wurth.es,942981506,A08472276,"Comercio al por mayor de ferretería, fontanería y calefacción",,,,
,10063,Davasa Automoción,Polígono Industrial de Candina,Davasa Automoción,,,Proveedor de repuestos de carrocería de automóviles en España,Repuestos,Automóviles,Av. Candina - PI CANDINA,S/N,39011,,santander@davasa.es,942886526,B05550330,Comercio al por mayor de repuestos y accesorios de vehículos de motor,,,,
,10064,Taller Axa Calidad - Domingo Pardo,Polígono Industrial de Candina,Taller Axa Calidad - Domingo Pardo,,,Taller de chapa y pintura en Santander,Taller,Automóviles,Av. Candina - PI CANDINA,28,39011,,info@talleresdomingopardo.es,942355090,B39098173,Mantenimiento y reparación de vehículos de motor,,,,
,10065,Cercha Obras Especiales,Polígono Industrial de Candina,Cercha Obras Especiales,,,Contratista de aislamiento en Santander,Oficios / Construcción,Cubiertas,C/ Peña Sagra - PI CANDINA,2 F,39011,,cercha@gmail.com,942325505,B39427141,Construcción de cubiertas,,,,
,10066,Texeira Compraventa Coches Ibéricos S.L.,Polígono Industrial de Candina,Texeira Compraventa Coches Ibéricos S.L.,,,Exportador de vehículos en Santander,Concesionario,Automóviles,C/ Gerardo de Alvear - PI CANDINA,S/N,39011,,,604250976,B39829734,Venta de automóviles y vehículos de motor ligeros,,,,
,10067,Taller Galindo,Polígono Industrial de Candina,Taller Galindo,,,Taller de reparación de automóviles en Santander,Taller,Automóviles,C/ Gerardo de Alvear - PI CANDINA,15,39011,,,942376758,,Mantenimiento y reparación de vehículos de motor,,,,
,10068,Cafetería Altamira,Polígono Industrial de Candina,Cafetería Altamira,,,Bar,Hostelería,Cafetería,C/ Gerardo de Alvear - PI CANDINA,13B,39011,,,942338969,,,,,,
,10069,Superpekes,Polígono Industrial de Candina,Superpekes,,,Animación niños,Animación,Infantil,Av. Candina - PI CANDINA,12,39011,,diana@superpekes.com,679911494,71514352S,,,,,
,10070,Diminutos Candina,Polígono Industrial de Candina,Diminutos Candina,,,Guardería,Guardería,,C/ Gerardo de Alvear - PI CANDINA,7,39011,,info@escuelainfantildiminutoscandina.com diminutoscandina@gmail.com,942355865,B39741749,Actividades de cuidado diurno de niños,,,,
,10071,Confort Muebles,Polígono Industrial de Candina,Confort Muebles,,,Tienda de muebles en Santander,Tienda,Muebles,Av. Candina - PI CANDINA,5,39011,,maderascandina@gmail.com,942338827,B39851340,Otras instalaciones en obras de construcción,,,,
,10072,Herrero Transformaciones S.L.,Polígono Industrial de Candina,Herrero Transformaciones S.L.,,,Troquelado de piezas,Taller,Carpintería Metálica,Av. Candina - PI CANDINA,17,39011,,administracion@herrerotransformaciones.es,942346034,B39473772,"Forja, estampación y embutición de metales; metalurgia de polvos",,,,
,10073,Elecnor Alumbrado Público de Santander,Polígono Industrial de Candina,Elecnor Alumbrado Público de Santander,,,,Alumbrado,Público,Av. Candina - PI CANDINA,11,39011,,elecnor@elecnor.com,,A48027056,,,,,
,10074,Santander Berries,Polígono Industrial de Candina,Santander Berries,,,Cultivo de frutas frutos secos especias y cultivos para bebidas,Cultivo,Plantas,Av. Candina - PI CANDINA,20,39011,,,627455901,B39867726,Cultivo de otros árboles y arbustos frutales y frutos secos,,,,
,10075,Taller Alsa,Polígono Industrial de Candina,Taller Alsa,,,Servicio de reparación de camiones en Santander,Taller,Autobuses,Av. Candina - PI CANDINA,35,39011,,jlorenzo@alsa.es,902422242,B39854187,Otros tipos de transporte terrestre de pasajeros n.c.o.p.,,,,
,10076,Recambios Raf Santander,Polígono Industrial de Candina,Recambios Raf Santander,,,Proveedor de repuestos para camiones en Santander,Repuestos,Camiones,C/ Nueve Valles - PI CANDINA,7,39011,,santander@recambiosraf.com,942354021,A24376337,Comercio al por mayor de repuestos y accesorios de vehículos de motor,,,,
,10077,Taller CGA Taller Raly,Polígono Industrial de Candina,Taller CGA Taller Raly,,,Taller de reparación de automóviles en Santander,Taller,Automóviles,C/ Nueve Valles - PI CANDINA,1,39011,,,942370166,,,,,,
,10078,Recambios Arrosam S.L.,Polígono Industrial de Candina,Recambios Arrosam S.L.,,,Tienda de repuestos para automóviles en Santander,Repuestos,Automóviles,C/ Nueve Valles - PI CANDINA,2B,39011,,info@recambiosarrosam.com,942325151,B39809173,Comercio al por mayor de repuestos y accesorios de vehículos de motor,,,,
,10079,Turobotencasa com,Polígono Industrial de Candina,Turobotencasa.com,,,Servicio de reparación de maquinaria agrícola en Santander,Taller,Maquinaria agrícola,Av. Candina - PI CANDINA,39,39011,,,642139159,,,,,,
,10080,El Trastero Americano,Polígono Industrial de Candina,El Trastero Americano,,,Trasteros y almacenamiento en Santander,Alquiler,Trasteros,C/ Real Consulado - PI CANDINA,1,39011,,eltrasteroamericano@gmail.com,722554474 - 942221995,H39788591,Alquiler de bienes inmobiliarios por cuenta propia,,,,
,10081,Altor Alquileres Santander,Polígono Industrial de Candina,Altor Alquileres Santander,,,Agencia de alquiler de equipos en Santander,Alquiler,Maquinaria,C/ Rio Pas - PI CANDINA,2,39011,,alquilersantander@altor.ws,942652315 942830052,B39540695,Alquiler de maquinaria y equipo para la construcción e ingeniería civil,,,,
,10082,El saco útil,Polígono Industrial de Candina,El saco útil,,,Servicio de gestión de residuos en Santander,Gestion,Residuos,C/ Real Consulado - PI CANDINA,4,39011,,sacoutil@sacoutil.com,942314517,B81639270,Recogida de residuos no peligrosos,,,,
,10083,Viesgo Candina Norte,Polígono Industrial de Candina,Viesgo Candina Norte,,,Oficina corporativa en Santander,Oficina,Viesgo,C/ Real Consulado - PI CANDINA,470,39011,,distribucion_viesgo@viesgo.com,900505249,B62733159,Distribución de energía eléctrica,,,,
,10084,Alufasa Fabricados de Aluminio S.L.,Polígono Industrial de Candina,Alufasa Fabricados de Aluminio S.L.,,,Carpintería metálica en Santander,Taller,Carpintería Metálica,C/ Rio Pas - PI CANDINA,12-A,39011,,alufasa@alufasa.com,942341224,B39413539,Fabricación de carpintería metálica,,,,
,10085,Deode,Polígono Industrial de Candina,Deode,,,Fabricante de aparatos electrónicos en Santander,Fábrica,Aparatos eléctricos,C/ Concejo - PI CANDINA,15,39011,,mpineda@deode.es,942807646,B98702624,Fabricación de ordenadores y equipos periféricos,,,,
,10086,Amica,Polígono Industrial de Candina,Amica,,,Organización de asistencia y servicios para personas con discapacidad en Santander,Asociación,Social,C/ Concejo - PI CANDINA,7,39011,,correo@amica.es,942895209 / 630313332,G39041710,Otras actividades asociativas n.c.o.p.,,,,
,10087,Top Cash,Polígono Industrial de Candina,Top Cash,,,Autoservicio mayorista en Santander,Supermercado,,C/ Rio Besaya - PI CANDINA,S/N,39011,,,942322125,B88357322,"Comercio al por mayor, no especializado, de productos alimenticios, bebidas y tabaco",,,,
,10088,Sat Santander,Polígono Industrial de Candina,Sat Santander,,,"Servicio Técnico de electrodomésticos, aire acondicionado y calderas en Santander de electrodomésticos",Reparación,Electrodomésticos,Av. Candina - PI CANDINA,20,39011,,,876015896 / 942941178,,Reparación de aparatos electrodomésticos y de equipos para el hogar y el jardín,,,,
,10089,Oran,Polígono Industrial de Candina,Oran,,,"Servicio de estampado, moldeo, y troquelado de metales en Santander",Taller,Carpintería Metálica,C/ Rio Besaya - PI CANDINA,15,39011,,oran@oranauto.com,942323968,B39803580,"Forja, estampación y embutición de metales; metalurgia de polvos",,,,
,10090,Hotel Be 4U Santander,Polígono Industrial de Candina,Hotel Be 4U Santander,,,Hotel,Hostelería,Hotel,Av. Parayas - PI CANDINA,2A,39011,,santander@bed4uhotels.com,942945050,B31881469,Hoteles y alojamientos similares,,,,
,10091,Merkamueble Santander,Polígono Industrial de Candina,Merkamueble Santander,,,"Sofás, colchonería y mobiliario auxiliar en almacén de muebles para hogar y oficina con envío a domicilio",Tienda,Muebles,Av. Parayas - PI CANDINA,4,39011,,santander@centrosmerkamueble.com,942040238,B05186028,,,,,
,10092,Power Wash,Polígono Industrial de Candina,Power Wash,,,Lavado de autos en Santander,Autolavado,Vehículos,Av. Parayas - PI CANDINA,6,39011,,,,,,,,,
,10093,Renault Santander,Polígono Industrial de Candina,Renault Santander,,,Concesionario y taller de automóviles,Concesionario,Automóviles,Av. Parayas - PI CANDINA,10,39011,,vipesa@vipesa.com,942336200,B39540216,Venta de automóviles y vehículos de motor ligeros,,,,
,10094,EasyGas Santander,Polígono Industrial de Candina,EasyGas Santander,,,Gasolinera,Gasolinera,,Av. Parayas - PI CANDINA,12,39011,,,942331170,B23438427,"Comercio al por mayor de combustibles sólidos, líquidos y gaseosos, y productos similares",,,,
,10095,"Subaru Fiat, Abarth, Jeep, Alfa Romeo – Blendio Autogomas Santander",Polígono Industrial de Candina,"Subaru Fiat, Abarth, Jeep, Alfa Romeo – Blendio Autogomas Santander",,,Concesionario automóviles,Concesionario,Automóviles,Av. Parayas - PI CANDINA,14,39011,,gestorcontactosfca@autogomas.com,942352150 - 942352255,A39000575,Venta de automóviles y vehículos de motor ligeros,,,,
,10096,Megamotor Toyota,Polígono Industrial de Candina,Megamotor Toyota,,,Concesionario automóviles,Concesionario,Automóviles,Av. Parayas - PI CANDINA,42,39011,,ventas@mega-motor.com,942324100,B39317797,Venta de automóviles y vehículos de motor ligeros,,,,
,10097,Concesionario oficial Kia – Blendio Numar Motor Santander,Polígono Industrial de Candina,Concesionario oficial Kia – Blendio Numar Motor Santander,,,Concesionario automóviles,Concesionario,Automóviles,Av. Parayas - PI CANDINA,20,39011,,gestorcontactos@numarmotor.es,942331000,B39784277,Venta de automóviles y vehículos de motor ligeros,,,,
,10098,Adarsa Norte Mercedes-Benz Ventas,Polígono Industrial de Candina,Adarsa Norte Mercedes-Benz Ventas,,,Concesionario automóviles,Concesionario,Automóviles,Av. Parayas - PI CANDINA,28,39011,,victor.setien@mercedes-benz.es,942352000,A39001888,Venta de automóviles y vehículos de motor ligeros,,,,
,10099,Autopalas S.A. Aupasa,Polígono Industrial de Candina,Autopalas S.A. Aupasa,,,Concesionario automóviles,Concesionario,Automóviles,Av. Parayas - PI CANDINA,34-36,39011,,autopalas@autopalas.com,942214800,A39013735,Venta de automóviles y vehículos de motor ligeros,,,,
,10100,Tienda Online Skates y Skatepark,Polígono Industrial de Candina,Tienda Online Skates y Skatepark,,,Skate park en Santander,Tienda,Skates,C/ Marie Curie - PI CANDINA,38,39011,,escuelalifesantander@gmail.com,699762930,B39889720,Comercio al por menor de artículos deportivos en establecimientos especializados,,,,
,10101,Concesionario Hyundai Hercos Motor Santander,Polígono Industrial de Candina,Concesionario Hyundai Hercos Motor Santander,,,Concesionario Hyundai en Santander,Concesionario,Automóviles,Av. Parayas - PI CANDINA,7,39011,,hercosparayas@hercosparayas.com,942352424,B39783808,Venta de automóviles y vehículos de motor ligeros,,,,
,10102,Ecrimesa Group,Polígono Industrial de Candina,Ecrimesa Group,,,Empresa de hierros y aceros en Santander,Fábrica,Fundición,Av. Parayas - PI CANDINA,32,39011,,ecrimesa@ecrimesa.es,942334511,A39003355,Fundición de acero,,,,
,10103,Concesionario oficial MG Blendio Birmauto Santander,Polígono Industrial de Candina,Concesionario oficial MG Blendio Birmauto Santander,,,Concesionario de vehículos de motor en Santander,Concesionario,Automóviles,Av. Parayas - PI CANDINA,14,39011,,gestorcontactos@blendiobirmauto.es,842840068,B72627409,Venta de automóviles y vehículos de motor ligeros,,,,
,10104,Porcelanosa,Polígono Industrial de Candina,Porcelanosa,,,Tienda de azulejos en Santander,Oficios / Construcción,Materiales,Av. Parayas - PI CANDINA,48,39011,,tienda@cantabria.porcelanosa.com,942352510,A39454509,"Comercio al por mayor de madera, materiales de construcción y aparatos sanitarios",,,,
,10105,Subaru Comillas Motor,Polígono Industrial de Candina,Subaru Comillas Motor,,,Concesionario automóviles en Santander,Concesionario,Automóviles,Av. Parayas - PI CANDINA,14,39011,,info@comillasmotor.com,942352185,B39776711,Venta de automóviles y vehículos de motor ligeros,,,,
,10106,Volvo Selective Motor,Polígono Industrial de Candina,Volvo Selective Motor,,,Concesionario automóviles en Santander,Concesionario,Automóviles,Av. Parayas - PI CANDINA,14,39011,,info@selectivemotor.com,942352038,B39580592,Venta de automóviles y vehículos de motor ligeros,,,,
,10107,Concesionario Mitsubishi Santander Blendio Devauto Santander,Polígono Industrial de Candina,Concesionario Mitsubishi Santander Blendio Devauto Santander,,,Concesionario automóviles Santander,Concesionario,Automóviles,Av. Parayas - PI CANDINA,16,39011,,jefeventas@blendiodevauto.com,942141930,B39868765,Venta de automóviles y vehículos de motor ligeros,,,,
,10108,Concesionario Oficial Nissan Blendio Parayas Santander,Polígono Industrial de Candina,Concesionario Oficial Nissan Blendio Parayas Santander,,,Concesionario automóviles Santander,Concesionario,Automóviles,Av. Parayas - PI CANDINA,18,39011,,autogomas@autogomas.com,942343200,B42846998,Venta de automóviles y vehículos de motor ligeros,,,,
,10109,GLS Parayas,Polígono Industrial de Candina,GLS Parayas,,,Paquetería,Mensajería,Oficina,Av. Parayas - PI CANDINA,20,39011,,info@besayaexpress.es,900264674 - 635706413,,,,,,
,10110,Alvemaco Rent,Polígono Industrial de Candina,Alvemaco Rent,,,Agencia de alquiler de coches en Santander,Alquiler,Vehículos,Av. Parayas - PI CANDINA,26,39011,,rentacarsantander@alvemaco.es,942342856,B74085408,Alquiler de automóviles y vehículos de motor ligeros,,,,
,10111,Taller Oficial Carrera Motor Carrocería,Polígono Industrial de Candina,Taller Oficial Carrera Motor Carrocería,,,Servicio técnico automotriz en Santander,Concesionario,Automóviles,C/ Rio Hijar - PI CANDINA,S/N,39011,,carrera@carreramotor.com,942352140,A39295514,Venta de automóviles y vehículos de motor ligeros,,,,
,10112,Duque Solaeta S.L.,Polígono Industrial de Candina,Duque Solaeta S.L.,,,Trasteros y almacenamiento en Santander,Alquiler,Trasteros,C/ Rio Hijar - PI CANDINA,4,39011,,trasteros@duque1.com,659816997,B39870555,Transporte de mercancías por carretera,,,,
,10113,Honda Tecnocas – Santander,Polígono Industrial de Candina,Honda Tecnocas – Santander,,,Concesionario Honda Santander,Concesionario,Automóviles,C/ Peña Bejo - PI CANDINA,2,39011,,gerencia.tecnocas@hondared-auto.com,942336022,A39290846,Venta de automóviles y vehículos de motor ligeros,,,,
,10114,Sonepar Santander,Polígono Industrial de Candina,Sonepar Santander,,,Tienda de electricidad en Santander,Almacén,Electricidad,C/ Peña Bejo - PI CANDINA,8,39011,,santander@sonepar.es,942355007,A96933510,Comercio al por mayor de equipos electrónicos y de telecomunicaciones y sus componentes,,,,
,10115,Electro Crisol Metal,Polígono Industrial de Candina,Electro Crisol Metal,,,Almacén en Santander,Fábrica,Fundición,C/ Marie Curie - PI CANDINA,2,39011,,ecrimesa@ecrimesa.es,942334511,A39003355,Fundición de acero,,,,
,10116,Automóviles Jessicar,Polígono Industrial de Candina,Automóviles Jessicar,,,Taller de reparación de automóviles en Santander,Taller,Automóviles,C/ Marie Curie - PI CANDINA,29-30,39011,,automovilesjessicar@hotmail.com,942352595,B39669551,Mantenimiento y reparación de vehículos de motor,,,,
,10117,El Diario Montañes,Polígono Industrial de Candina,El Diario Montañes,,,Periódico,Prensa,,Av. Parayas - PI CANDINA,38,39011,,internet.dm@eldiariomontanes.es info.clientes@eldiariomontanes.es,942354000,A39000641,Edición de periódicos,,,,
,10118,Lexus Santander,Polígono Industrial de Candina,Lexus Santander,,,Concesionario Automóviles,Concesionario,Automóviles,Av. Parayas - PI CANDINA,44,39011,,admon@megapremium.com,942352250,B39576822,Venta de automóviles y vehículos de motor ligeros,,,,
,10119,Concesionario Oficial Toyota Megamotor,Polígono Industrial de Candina,Concesionario Oficial Toyota Megamotor,,,Concesionario automóviles,Concesionario,Automóviles,Av. Parayas - PI CANDINA,42,39011,,ventas@mega-motor.com,942324100,H39317797,Venta de automóviles y vehículos de motor ligeros,,,,
,10120,Hispanofil,Polígono Industrial de Candina,Hispanofil,,,Mayorista de productos electrónicos en Santander,Almacén,Electricidad,Av. Parayas - PI CANDINA,20,39011,,hispanofil@sonepar.es,942355007,A48116404,Comercio al por mayor no especializado,,,,
,10121,INV Seguridad,Polígono Industrial de Candina,INV Seguridad,,,Proyectos y sistemas de seguridad,Seguridad,,C/ Marie Curie - PI CANDINA,34,39011,,cliente@invseguridad.com,942210750,B87997680,Actividades de las sociedades holding,,,,
no esta,10122,Edesa Electrolux Fagor Indesit,Polígono Industrial de Candina,Edesa Electrolux Fagor Indesit,,,Servicio Reparación Electrodomésticos,Reparación,Electrodomésticos,Av. Parayas - PI CANDINA,S/N,39011,,,942222704,,,,,,
,10123,Hidrodiselec SA,Polígono Industrial de Candina,Hidrodiselec SA,,,Tienda de electricidad,Almacén,Electricidad,C/ Rio Pas - PI CANDINA,8,39011,,admon@diselec.es,942347777,A39335278,Alquiler de bienes inmobiliarios por cuenta propia,,,,
,10124,Honda,Polígono Industrial de Candina,Honda,,,Concesionario de automóviles en Santander,Concesionario,Automóviles,C/ Peña Bejo - PI CANDINA,2,39011,,gerencia.tecnocas@hondared-auto.com,942336022,H3929,Venta de automóviles y vehículos de motor ligeros,,,,
,10125,"Calvo & Salcines, S.A. Cereales Y Piensos",Polígono Industrial de Candina,"Calvo & Salcines, S.A. Cereales Y Piensos",,,,,,Av. Parayas - PI CANDINA,S/N,39011,,cys@calvoysalcines.com,942 33 79 90,A39003744,comercio de cereales legumbres harina y todo producto destinado a la,,,,
,10145,Diprimar S.A.,PI CAMPON,Diprimar S.A.,,,Distribuidor de cerveza,Almacén,Bebidas,Barrio El Castro - PI CAMPON,S/N,39011,,atencionclientesweb@diprimar.com,942331822,A39009683,Comercio al por mayor de bebidas,,,,
,10146,Autos Raúl,PI CAMPON,Autos Raúl,,,Concesionario de automóviles usados en Santander,Concesionario,Automóviles,Barrio El Castro - PI CAMPON,32-A,39011,,autos_raul@hotmail.com,670753007,B39775929,Venta de automóviles y vehículos de motor ligeros,,,,
,10147,Finca Tablanca,PI CAMPON,Finca Tablanca,,,"Elegante bodega con venta y distribución de vino, bebidas espirituosas, productos gourmet y cestas de navidad",Almacén,Bebidas,Barrio El Castro - PI CAMPON,20-F,39011,,pedidos@fincatablanca.com,645874746,A28797777,Comercio al por mayor de bebidas,,,,
,10148,Das Welt Auto Parte Automóviles,PI CAMPON,Das Welt Auto Parte Automóviles,,,Concesionario de automóviles usados en Santander,Concesionario,Automóviles,Barrio El Castro - PI CAMPON,20,39011,,administracionnvw@parteautomoviles.es,942949474,B39318076,Venta de automóviles y vehículos de motor ligeros,,,,
,10149,Marmolería El Campón S.L.,PI CAMPON,Marmolería El Campón S.L.,,,Tienda de encimeras en Santander,Marmolería,,Barrio El Castro - PI CAMPON,NAVE 22,39011,,info@marmoleriaelcampon.es,942341299 / 651930550,B39547930,"Corte, tallado y acabado de la piedra",,,,
,10150,Parte Automóviles,PI CAMPON,Parte Automóviles,,,Concesionario automóviles,Concesionario,Automóviles,Barrio El Castro - PI CAMPON,20,39011,,administracionnvw@parteautomoviles.es,942949474,B39318076,Venta de automóviles y vehículos de motor ligeros,,,,
no esta,10151,Electricidad Campos,PI CAMPON,Electricidad Campos,,,Electricista,Oficios / Construcción,Electricista,Barrio El Castro - PI CAMPON,"22, NAVE 7",39011,,info@electricidadcampos.es,942354347,A39044516,Instalaciones eléctricas,,,,
,10152,Talleres Motorinsa,PI CAMPON,Talleres Motorinsa,,,Taller mecánico,Taller,Automóviles,Barrio El Castro - PI CAMPON,"22, NAVE 7",39011,,,942346790,,,,,,
,10153,A. Menocal,PI CAMPON,A. Menocal,,,Empresa de autobuses en Santander,Transporte,Autobuses,Barrio El Castro - PI CAMPON,22-D,39011,,autobuses@amenocal.com,942342701 / 942343780,B39270897,Otros tipos de transporte terrestre de pasajeros n.c.o.p.,,,,
canalejas,10154,Santos Moreno,PI CAMPON,Santos Moreno,,,Patatas fritas artesanas,Elaboración,Alimentos,Barrio El Castro - PI CAMPON,22,39011,,patatasfritassantosmoreno@gmail.com,942219202,,Fabricación de pan y de productos frescos de panadería y pastelería,,,,
,10155,Empresa Comercial de Recreativos,PI CAMPON,Empresa Comercial de Recreativos,,,Distribuidor de máquinas recreativas,Almacén,Máquinas Recreativas,Barrio El Castro - PI CAMPON,22,39011,,,942322340 - 942322346,,,,,,
,10156,Lavandería Los Cantabrucos,PI CAMPON,Lavandería Los Cantabrucos,,,Lavandería profesional,Lavandería,,Barrio El Castro - PI CAMPON,22-I - PTA 3,39011,,info@lavanderialoscantabrucos.es,942 551 425 - 618 55 03 30,,,,,,
,10157,Hiper Campón,PI CAMPON,Hiper Campón,,,Grandes almacenes en Santander,Tienda,Bazar,Barrio El Castro - PI CAMPON,22,39011,,,,B10586709,Comercio al por mayor no especializado,,,,
,10158,Taller Citroën Autogomas,PI CAMPON,Taller Citroën Autogomas,,,Concesionario y taller automóviles,Concesionario,Automóviles,Barrio El Castro - PI CAMPON,S/N,39011,,gestorcontactos@autogomas.com  autogomas@autogomas.com,942331933,A39000575,Venta de automóviles y vehículos de motor ligeros,,,,
,10159,Perfil,PI CAMPON,Perfil,,,Tienda de Armarios,Tienda,Muebles,Barrio El Castro - PI CAMPON,22-A - PTA.3,39011,,,942324227,,,,,,
,10160,Canalsa,PI CAMPON,Canalsa,,,Proveedor de maquinaria de construcción en Santander,Alquiler,Instalación Andamios,Barrio El Castro - PI CAMPON,22-A - PTA.3,39011,,info@canalsa.net,942321327,B39413570,Alquiler de maquinaria y equipo para la construcción e ingeniería civil,,,,
,10161,Allende Salcedo S.L.,PI CAMPON,Allende Salcedo S.L.,,,Empresa de calefacción en Santander,Oficios / Construcción,Calefacción,Barrio El Castro - PI CAMPON,24 - NAVE 4,39011,,allende@allendesalcedo.es,942333180,B39249537,Reparación de maquinaria,,,,
,10162,Ballenoil Santander V,PI CAMPON,Ballenoil Santander V,,,Gasolinera,Gasolinera,,Barrio El Castro - PI CAMPON,21,39011,,,910883327,,,,,,
,10163,Puertas Cantovi,PI CAMPON,Puertas Cantovi,,,Proveedor de puertas en Santander,Tienda,Puertas,Barrio El Castro - PI CAMPON,45 BAJO,39011,,puertascantovi@hotmail.com,942323660 / 669781075,B39580477,"Comercio al por mayor de madera, materiales de construcción y aparatos sanitarios",,,,
,10164,Acorde Technologies,PI CAMPON,Acorde Technologies,,,Distribuidor de equipos de telecomunicación en Santander,Telecomunicaciones,Equipos,Barrio El Castro - PI CAMPON,22-N,39011,,sales@acorde.com,942764400,A39460118,Otra investigación y desarrollo experimental en ciencias naturales y técnicas,,,,
,10165,Librería Gil Almacén,PI CAMPON,Librería Gil Almacén,,,Almacén,Almacén,Papelería,Barrio El Castro - PI CAMPON,11,39011,,info@libreriagil.es,942337903 / 618304819,B72613318,Comercio al por menor de libros en establecimientos especializados,,,,
,10166,Escayolas y Yesos Burgos Cedrun,PI CAMPON,Escayolas y Yesos Burgos Cedrun,,,Empresa de escayolas en Santander,Oficios / Construcción,Escayolas / Yesos,Barrio El Castro - PI CAMPON,NAVE 12,39011,,,942334333,,,,,,
,10167,Oscar Alquiler de coches Santander,PI CAMPON,Oscar Alquiler de coches Santander,,,Agencia de alquiler de coches en Santander,Alquiler,Vehículos,Barrio El Castro - PI CAMPON,24-P,39011,,hola@oscar.es,951129333,B06963516,Otros servicios relacionados con las tecnologías de la información y la informática,,,,
,10168,Concesionario Oficial Audi Hercos,PI CAMPON,Concesionario Oficial Audi Hercos,,,Concesionario automóviles,Concesionario,Automóviles,Barrio El Castro - PI CAMPON,24-P,39011,,hercosparayas@hercosparayas.com,942352424,A39033428,Venta de automóviles y vehículos de motor ligeros,,,,
,10169,Toldos Santander,PI CAMPON,Toldos Santander,,,"Toldos, estores",Fábricas,Toldos / Estores,Barrio El Castro - PI CAMPON,NAVE 7,39011,,administracion@toldossantander.com,942321192 / 696479496,H39432042,"Fabricación de artículos confeccionados con textiles, excepto prendas de vestir",,,,
,10170,Telymca Servicios de Limpieza,PI CAMPON,Telymca Servicios de Limpieza,,,Servicios de limpieza en Santander,Limpiezas,,Barrio El Castro - PI CAMPON,24 - NAVE 15,39011,,telymca@telymca.es,942219977,B39500194,Otras actividades de limpieza,,,,
,10171,Carlos Uriarte Diseño,PI CAMPON,Carlos Uriarte Diseño,,,Tienda de muebles en Santander,Tienda,Muebles,Barrio El Castro - PI CAMPON,24-A NAVE 6,39011,,info@carlosuriarte.com,942354252,B39299789,"Comercio al por menor de muebles, aparatos de iluminación y otros artículos de uso doméstico en establecimientos especializados",,,,
,10172,Avenida Diseño,PI CAMPON,Avenida Diseño,,,Tienda de mobiliario para cocina en Santander,Tienda,Mobiliario cocinas,Barrio El Castro - PI CAMPON,NAVE 18,39011,,,942355928,,,,,,
,10173,La Taberna del Herrero,PI CAMPON,La Taberna del Herrero,,,Restaurante,Hostelería,Restaurante,Barrio El Castro - PI CAMPON,24,39011,,www.latabernadelherrero.es,942320243,,,,,,
,10174,RG Montemar Suministros,PI CAMPON,RG Montemar Suministros,,,EPI y vestuario laboral,Tienda,Vestuario Laboral,Barrio El Castro - PI CAMPON,"8, NAVE 4",39011,,comercial@montemar.es,942341817 / 648 19 54 99,B39406442,Comercio al por mayor de otra maquinaria y equipo,,,,
,10175,Herceba S.L.,PI CAMPON,Herceba S.L.,,,Distribución y venta de golosinas,Almacén,Golosinas,Barrio El Castro - PI CAMPON,8,39011,,info@herceba.com,942342908,B39365457,"Comercio al por mayor de azúcar, chocolate y confitería",,,,
,10176,Eurorepar Talleres EMA,PI CAMPON,Eurorepar Talleres EMA,,,Taller de automóviles en Santander,Taller,Automóviles,Barrio El Castro - PI CAMPON,26 NAVE E,39011,,info@talleresema.es,942333473 / 671688336,B80624695,Mantenimiento y reparación de vehículos de motor,,,,
,10177,UBUD Fitness & Fight,PI CAMPON,UBUD Fitness & Fight,,,Club de boxeo en Santander,Gimnasio,,Barrio El Castro - PI CAMPON,26B,39011,,,699620980,,,,,,
,10178,Varona Producción Técnica,PI CAMPON,Varona Producción Técnica,,,Proveedor de equipos de iluminación de escenarios en Santander,Eventos,Electricidad,Barrio El Castro - PI CAMPON,26,39011,,varona@varonaproduccion.com,942101655 / 609329296,B39653316,Organización de convenciones y ferias de muestras,,,,
,10179,Lopsa,PI CAMPON,Lopsa,,,Tienda de materiales para construcción,Oficios / Construcción,Materiales,Barrio El Castro - PI CAMPON,S/N,39011,,lopsa@lopsa.es,942345557,A39034772,"Comercio al por mayor de madera, materiales de construcción y aparatos sanitarios",,,,
,10180,Fimacan,PI CAMPON,Fimacan,,,Servicio técnico automotriz en Santander,Taller,Automóviles,Barrio Adarzo - PI CAMPON,159,39011,,,942344595,B39624549,Mantenimiento y reparación de vehículos de motor,,,,
,10181,Ventanas de la Parte PVC,PI CAMPON,Ventanas de la Parte PVC,,,Taller de instalación de puertas y ventanas en Santander,Taller,Carpintería Metálica,Barrio Adarzo - PI CAMPON,155,39011,,aluminiosdelaparte@hotmail.com,675093154 / 942331755,B39539770,Fabricación de carpintería metálica,,,,
,10182,Industrias Montañesas Eléctricas Mecánicas,PI CAMPON,Industrias Montañesas Eléctricas Mecánicas,,,Ascensores Imem,Oficios / Construcción,Ascensores,Barrio Adarzo - PI CAMPON,167,39011,,customers@imem.com,942322280,B39008404,Fabricación de maquinaria de elevación y manipulación,,,,
,10183,Luminsa,PI CAMPON,Luminsa,,,Rótulos,Rotulos,,Barrio Adarzo - PI CAMPON,155 BAJO,39011,,luminsa@luminsa.es,942332243,B39327077,Instalaciones eléctricas,,,,
,10184,Confiterías Gómez,PI CAMPON,Confiterías Gómez,,,Pastelería,Tienda,Pastelería,Barrio Adarzo - PI CAMPON,167A,39011,,gomez@gomezpastelerias.com,942325343,B39447370,"Comercio al por menor de pan y productos de panadería, confitería y pastelería en establecimientos especializados",,,,
,10185,Sealco Consultoría Alimentaría,PI CAMPON,Sealco Consultoría Alimentaría,,,Laboratorio Químico Santander,Laboratorio,,Barrio El Castro - PI CAMPON,NAVE 15,39011,,direccion@sealcobactenor.com,942341011,B39532692,"Otras actividades profesionales, científicas y técnicas n.c.o.p.",,,,
,10247,Ballenoil,Albericia Norte - I. Cantabria ,Ballenoil,,Gasolinera,,Gasolinera,Gasolinera,C/ Repuente,51,39012,,ballenoil@ballenoil.com,900730760,A65371171,Comercio al por menor de combustible para la automoción en establecimientos especializados,,,,
,10248,Reparaciones Bezanilla,Albericia Norte - I. Cantabria ,Reparaciones Bezanilla,,Taller mecánico,Maquinaria,Taller,Taller,C/ Repuente,79,39012,,,633725122,,Reparación de maquinaria,,,,
,10249,Jotaeme plásticos y metacrilatos,PI Nueva Montaña - Isla del Oleo,Jotaeme plásticos y metacrilatos,,"Fabricación de trofeos, placas identificativas grabadas, cartelería, tienda de golosinas, urnas para maquetas, portapinchos y útiles para hostelería, mobiliario de hogar y decoración","Fabricación de trofeos, placas identificativas grabadas, cartelería, tienda de golosinas, urnas para maquetas, portapinchos y útiles para hostelería, mobiliario de hogar y decoración",,,"C/ Isla del Oleo, Poligono Industrial de Nueva Montaña",s/n,39011,,correo@jotaeme.info,942053739,,,,,,
,10250,Cei Envíos Cantabria S.L.,PI Nueva Montaña - Isla del Oleo,Cei Envíos Cantabria S.L.,,Servicio de mensajería y transporte en Santander,Servicio de mensajería y transporte en Santander,,,"C/ Isla del Oleo, Poligono Industrial de Nueva Montaña",35,39011,,,942352505,B39832308,Actividades anexas al transporte marítimo y por vías navegables interiores,,,,
,10251,Gestires,PI Nueva Montaña - Isla del Oleo,Gestires,,Centro de reciclaje en Santander,Centro de reciclaje en Santander,,,"C/ Isla del Oleo, Poligono Industrial de Nueva Montaña",51 izq.,39011,,gestires@yahoo.es,649524685 / 679919549,E39836069,Comercio al por mayor de chatarra y productos de desecho,,,,
,10252,Juguetes Reciclados,PI Nueva Montaña - Isla del Oleo,Juguetes Reciclados,,Juguetería en Santander,Juguetería en Santander,,,"C/ Isla del Oleo, Poligono Industrial de Nueva Montaña",50B,39011,,clientes@juguetesreciclados.es,649426501,B39854153,Comercio al por mayor no especializado,,,,
,10253,Boxcan,PI Nueva Montaña - Isla del Oleo,Boxcan,,Academia de Boxeo,Academia de Boxeo,,,"C/ Isla del Oleo, Poligono Industrial de Nueva Montaña",52,39011,,,647323840,,Club deportivo de boxeo,,,,
,10254,Almacenes Santa Isabel S.L.,PI Nueva Montaña - Isla del Oleo,Almacenes Santa Isabel S.L.,,Distribuidor mayorista para hostelería y comunidades de alimentación y droguería,Distribuidor mayorista para hostelería y comunidades de alimentación y droguería,,,"C/ Isla del Oleo, Poligono Industrial de Nueva Montaña",48,39011,,info@almacenessantaisabel.es,942323020,B39338686,"Comercio al por mayor, no especializado, de productos alimenticios, bebidas y tabaco",,,,
,10255,OCS Outsourcing Comercial y Soluciones en General,PI Nueva Montaña - Isla del Oleo,OCS Outsourcing Comercial y Soluciones en General,,Servicio de envíos en Santander,Servicio de envíos en Santander,,,"C/ Isla del Oleo, Poligono Industrial de Nueva Montaña",55,39011,,,601305397,B39804513,Construcción de redes eléctricas y de telecomunicaciones,,,,
,10256,AislaPlus Cantabria,PI Nueva Montaña - Isla del Oleo,AislaPlus Cantabria,,Contratista de aislamiento en Santander,Contratista de aislamiento en Santander,,,"C/ Isla del Oleo, Poligono Industrial de Nueva Montaña",54,39011,,ccabrillo@aislaplus.es / info@aislaplus.es,942101672,B39784905,Servicios técnicos de ingeniería y otras actividades relacionadas con el asesoramiento técnico,,,,
,10257,Muon Systems,PI Nueva Montaña - Isla del Oleo,Muon Systems,,Empresas de suministros industriales,Empresas de suministros industriales,,,"C/ Isla del Oleo, Poligono Industrial de Nueva Montaña",55,39011,,info@muon.systems,946572115,B95797890,Otra investigación y desarrollo experimental en ciencias naturales y técnicas,,,,
,10258,Iberia Express,PI Nueva Montaña - Isla del Oleo,Iberia Express,,Proveedor mayorista de alimentos y bebidas en Santander,Proveedor mayorista de alimentos y bebidas en Santander,,,"C/ Isla del Oleo, Poligono Industrial de Nueva Montaña",57,39011,,iberiaexpress@yahoo.es / nfo@altracatering.com,942766885 / 942342465,,Cattering y servicio a colectividades y comidas a domicilio,,,,
,10259,Electrodomésticos El Chollo,PI Nueva Montaña - Isla del Oleo,Electrodomésticos El Chollo,,Tienda de electrodomésticos en Santander,Tienda de electrodomésticos en Santander,,,"C/ Isla del Oleo, Poligono Industrial de Nueva Montaña",56B,39011,,,942333499,,Venta de electrodomesticos y artículos de descanso,,,,
,10260,Sobrino,PI Nueva Montaña - Isla del Oleo,Sobrino,,Pastelería,Pastelería,,,"C/ Isla del Oleo, Poligono Industrial de Nueva Montaña",50 - 60,39011,,info@lagallofa.com,942353535,B39718622,Fabricación de pan y de productos frescos de panadería y pastelería,,,,
,10261,Mobibox,PI Nueva Montaña - Isla del Oleo,Mobibox,,Instalación de auto almacenamiento en Santander,Instalación de auto almacenamiento en Santander,,,"C/ Isla del Oleo, Poligono Industrial de Nueva Montaña",25-40,39011,,info@mobibox.es,942031661 / 650167555,B39863048,Transporte de mercancías por carretera,,,,
,10262,Gallofa & Co oficinas centrales,PI Nueva Montaña - Isla del Oleo,Gallofa & Co oficinas centrales,,"Panadería, pastelería","Panadería, pastelería",,,"C/ Isla del Oleo, Poligono Industrial de Nueva Montaña",61,39011,,info@lagallofa.com,942353535,B39535661,"Comercio al por menor de pan y productos de panadería, confitería y pastelería en establecimientos especializados",,,,
,10263,Digassol Formación,PI Nueva Montaña - Isla del Oleo,Digassol Formación,,Centro Educativo Santander,Centro Educativo Santander,,,"C/ Isla del Oleo, Poligono Industrial de Nueva Montaña",62,39011,,administracion@digassol.com / info@digassolformacion.com,642258379,B39313168,Otra educación n.c.o.p.,,,,
,10264,Caydesa,PI Nueva Montaña - Isla del Oleo,Caydesa,,Carnes,Carnes,,,"C/ Isla del Oleo, Poligono Industrial de Nueva Montaña",62,39011,,info@caydesa.com,942336070,H39041678,Comercio al por mayor de carne y productos cárnicos,,,,
,10265,Entrenador Personal en Santander Miguel Gómez Trainer,PI Nueva Montaña - Isla del Oleo,Entrenador Personal en Santander Miguel Gómez Trainer,,Entrenador personal,Entrenador personal,,,"C/ Isla del Oleo, Poligono Industrial de Nueva Montaña",18,39011,,,842901276 /625015647,72142305E,Entrenamiento personal,,,,
,10266,Beroil Santander,PI Nueva Montaña - Isla del Oleo,Beroil Santander,,Gasolinera,Gasolinera,,,"C/ Isla del Oleo, Poligono Industrial de Nueva Montaña",63,39011,,info@beroil.es,942353933,B09417957,"Comercio al por mayor de combustibles sólidos, líquidos y gaseosos, y productos similares",,,,
,10267,Autoplastic,PI Nueva Montaña - Isla del Oleo,Autoplastic,,Taller de reparación de autos en Santander,Taller de reparación de autos en Santander,,,"C/ Isla del Oleo, Poligono Industrial de Nueva Montaña",30,39011,,auto.plastic@hotmail.com,666444828 /942323029,,Reparación de automóviles,,,,
,10268,AMC Recuperaciones,PI Nueva Montaña - Isla del Oleo,AMC Recuperaciones,,Compra-venta de chatarra,Compra-venta de chatarra,,,"C/ Isla del Oleo, Poligono Industrial de Nueva Montaña",34B,39011,,,627032128,,Compra y venta de chatarra férrica y metales no férricos,,,,
,10269,Meco Artesano,PI Nueva Montaña - Isla del Oleo,Meco Artesano,,Mayorista de confitería,Mayorista de confitería,,,"C/ Isla del Oleo, Poligono Industrial de Nueva Montaña",26B,39011,,vvmeco.es@gmail.com,633127758,X6538095T,Restaurantes y puestos de comidas,,,,
,10270,Representaciones San Mamés SLU,PI Nueva Montaña - Isla del Oleo,Representaciones San Mamés SLU,,Distribuidor de cerveza,Distribuidor de cerveza,,,"C/ Isla del Oleo, Poligono Industrial de Nueva Montaña",24,39011,,sanmames@sanmames.es,942333599,B39028386,"Comercio al por mayor, no especializado, de productos alimenticios, bebidas y tabaco",,,,
,10271,Evemal,PI Nueva Montaña - Isla del Oleo,Evemal,,Proveedor de productos de limpieza en Santander,Proveedor de productos de limpieza en Santander,,,Av. Nueva Montaña,s/n,39011,,netevemal@nexo.net,942343656,A39016795,Comercio al por menor de productos cosméticos e higiénicos en establecimientos especializados,,,,
,10272,Macruz,PI Nueva Montaña - Isla del Oleo,Macruz,,Contratista general en Santander,Contratista general en Santander,,,"C/ Isla del Oleo, Poligono Industrial de Nueva Montaña",16,39011,,,942352819 - 942352281,,Albañileria y reformas,,,,
,10273,Marmoles Martín Sánchez,PI Nueva Montaña - Isla del Oleo,Marmoles Martín Sánchez,,Contratista de Marmol,Contratista de Marmol,,,"C/ Isla del Oleo, Poligono Industrial de Nueva Montaña","12, 13",39011,,ventas@marmolesmartinsanchez.com,942336936,B39330501,"Corte, tallado y acabado de la piedra",,,,
,10274,Panbelia,PI Nueva Montaña - Isla del Oleo,Panbelia,,Panadería,Panadería,,,"C/ Isla del Oleo, Poligono Industrial de Nueva Montaña",61,39011,,info@lagallofa.com,942353535 / 942353637,B39707401,Fabricación de pan y de productos frescos de panadería y pastelería,,,,
,10275,Vicon Tejados,PI Nueva Montaña - Isla del Oleo,Vicon Tejados,,Contratista tejados en Santander,Contratista tejados en Santander,,,"C/ Isla del Oleo, Poligono Industrial de Nueva Montaña",1,39011,,,662959833,,Contratisata de tejados en contruccion y reparaciones,,,,
,10276,Hostal Oleo Auto Check-in,PI Nueva Montaña - Isla del Oleo,Hostal Oleo Auto Check-in,,"Hostal, cafetería","Hostal, cafetería",,,"C/ Isla del Oleo, Poligono Industrial de Nueva Montaña",21,39011,,hostal.oleo@gmail.com,675993366 /942 88 11 10/686 36 83 09,,Hoteles y alojamientos,,,,
,10277,Bruinox,PI Nueva Montaña - Isla del Oleo,Bruinox,,Aceros inoxidables,Aceros inoxidables,,,"C/ Isla del Oleo, Poligono Industrial de Nueva Montaña",51 izq.,39011,,info@acerosbruinox.es,660858416,B39657762,Fabricación de carpintería metálica,,,,
,10278,Mc Donald’s,PI Nueva Montaña    ,Mc Donald’s,,Comida rápida,Comida rápida,Hostelería,Comida Rápida,Av. Nueva Montaña,2J,39011,,atencionconsumidor@es.mcd.com,917547890,A28586097,Restaurantes y puestos de comidas,,,,
,10279,GSW Acería (CELSA GROUP),PI Nueva Montaña    ,GSW Acería (CELSA GROUP),,Fabricante de acero en Santander,Fabricante de acero en Santander,Fábrica,Acero,Av. Nueva Montaña,2D,39011,,info@celsagroup.com,937730400,,,,,,
,10280,Restaurante Gelín,PI Nueva Montaña    ,Restaurante Gelín,,Restaurante,Restaurante,Hostelería,Restaurante,Av. Nueva Montaña,2,39011,,,942332733,B13709035,Restaurantes y puestos de comidas,,,,
,10281,Global Steel Wire,PI Nueva Montaña    ,Global Steel Wire,,Siderurgia,Siderurgia,Fábrica,Siderurgia,C. la Peseta Nueva Montaña,1D,39011,,rosamaria.castrillo@globalsteelwire.com,942200200,A08080533,"Fabricación de productos básicos de hierro, acero y ferroaleaciones",,,,
,10282,Conforama,PI Nueva Montaña    ,Conforama,,Tienda de muebles en Santander,Tienda de muebles en Santander,Tienda,Muebles,Av. Nueva Montaña,2C,39011,,recepcion@conforama.es,627347745 / 935431623,A79103222,"Comercio al por menor de muebles, aparatos de iluminación y otros artículos de uso doméstico en establecimientos especializados",,,,
,10283,Obramat,PI Nueva Montaña    ,Obramat,,Proveedor de materiales de construcción en Santander,Proveedor de materiales de construcción en Santander,Oficios / Construcción,Materiales,C. la Peseta Nueva Montaña,4,39011,,info.santander@obramat.es,942328430,B87622155,Construcción de edificios residenciales,,,,
,10284,GBB Global Bright Bars,PI Nueva Montaña    ,GBB Global Bright Bars,,Fabricante de acero en Santander,Fabricante de acero en Santander,Fábrica,Acero,Poligono Industrial Nueva Montaña,s/n,39011,,kjeld.andreasen@gcelsa.com,942200281 / 696161182,A39066063,Trefilado en frío,,,,
,10285,Saint-Gobain Pam España,PI Nueva Montaña    ,Saint-Gobain Pam España,,Fabricante en Santander,Fabricante en Santander,Fábrica,Acero,C. la Peseta Nueva Montaña,s/n,39011,,pablo.delatorre@saint-gobain.com,942249160 / 639127236,A28143014,"Fabricación de productos básicos de hierro, acero y ferroaleaciones",,,,
,10286,Tycsa PSC,PI Nueva Montaña    ,Tycsa PSC,,Fabricantes de acero en Santander,Fabricantes de acero en Santander,Fábrica,Acero,Barrio Nueva Montaña,s/n,39011,,amuste@tycsa.com,942200395 / 679256916,B39435045,"Fabricación de productos de alambre, cadenas y muelles",,,,
,10287,B & S Trefilados Quijano S.L.,PI Nueva Montaña    ,B & S Trefilados Quijano S.L.,,Alambres fabricantes y mayoristas,Alambres fabricantes y mayoristas,Fábrica,Acero,C. la Peseta Nueva Montaña,s/n,39011,,cometqe@tquijano.com,942200390,B39538277,Trefilado de acero en frío,,,,
,10288,Mobiliario Urbano Adaptado Martin Mena,Faustino Cavadas,Mobiliario Urbano Adaptado Martin Mena,,Tienda de muebles,Tienda de muebles,Tienda,Muebles,Avenida 1º Mayo,53,39011,,info@martinmena.es,660653003,,,,,,
,10289,Plásticos Hedican,Faustino Cavadas,Plásticos Hedican,,Fabricación de plástico,Fabricación de plástico,Fábrica,Plásticos,Avenida 1º Mayo,"19, 21",39011,,hedicansl@gmail.com,942332069,B39672944,Fabricación de otros productos de plástico,,,,
,10290,Laboratorios Arroyo,Faustino Cavadas,Laboratorios Arroyo,,Laboratorios industria láctea,Laboratorios industria láctea,Fábrica,Productos Quimicos,Avenida 1º Mayo,19,39011,,pedidos@laboratoriosarroyo.com,942335209 / 902335209,A39048665,Fabricación de otros productos químicos n.c.o.p.,,,,
,10291,Alerta El Diario de Cantabria,Faustino Cavadas,Alerta El Diario de Cantabria,,Editor de diarios,Editor de diarios,Prensa,,Avenida 1º Mayo,S/N,39011,,publicidad@eldiarioalerta.com,942320033,A28927606,Edición de periódicos,,,,
,10292,Banco Santander,Faustino Cavadas,Banco Santander,,Banco,Banco,Banco,,Avenida 1º Mayo,1,39011,,comunicacion@gruposantander.com,942342044,A39000013,Otra intermediación monetaria,,,,
,10293,Heladería Regma,Faustino Cavadas,Heladería Regma,,"Heladería, pastelería","Heladería, pastelería",Tienda,Helados / Dulces,Avenida 1º Mayo,7E,39011,,regma@regma.es,942355526,A39014477,Elaboración de helados,,,,
,10294,Bravo Mobiliario de oficina,Faustino Cavadas,Bravo Mobiliario de oficina,,Tienda de mobiliario de oficina,Tienda de mobiliario de oficina,Tienda,Muebles,Avenida 1º Mayo,7A,39011,,info@bravo.es,942334544,J39309232,Otro comercio al por menor de artículos nuevos en establecimientos especializados,,,,
,10295,Nuevo Siglo I,Faustino Cavadas,Nuevo Siglo I,,Bazar,Bazar,Tienda,Bazar,Avenida 1º Mayo,31,39011,,,600000444,,,,,,
,10296,Bazar 1º de Mayo,Faustino Cavadas,Bazar 1º de Mayo,,Bazar,Bazar,Tienda,Bazar,Avenida Nueva Montaña,,39011,,,688189635,,,,,,
,10297,Compramos tu Coche NorthCars,Faustino Cavadas,Compramos tu Coche NorthCars,,Compraventa de automóviles,Compraventa de automóviles,Concesionario,Automóviles,C. Eduardo García,18,39011,,info@northcars.es,656565663,B39849310,Venta de automóviles y vehículos de motor ligeros,,,,
,10298,Centro Comercial Peñacastillo,Faustino Cavadas,Centro Comercial Peñacastillo,,Carrefour,Carrefour,Centro Comercial,,C. El Empalme,S/N,39011,,administracion@ccpenacastillo.com,942345120 / 916635544,H83525840,Servicios administrativos combinados,,,,
,10299,Petroprix,Faustino Cavadas,Petroprix,,Gasolinera,Gasolinera,Gasolinera,,C. Faustino Cavadas,32,39011,,info@petroprix.com,953900009,B23709892,Comercio al por menor de combustible para la automoción en establecimientos especializados,,,,
,10300,Container visual,Faustino Cavadas,Container visual,,Servicio edición gráfica,Servicio edición gráfica,Publicidad,Productos,C. Faustino Cavadas,28B,39011,,info@containervisual.com,942054778 / 942765081,B39680582,Agencias de publicidad,,,,
,10301,APD Neumáticos del Norte,Faustino Cavadas,APD Neumáticos del Norte,,Servicio técnico automotriz,Servicio técnico automotriz,Taller,Automóviles,C. Faustino Cavadas,S/N,39011,,info@neumaticosapd.com,942791653 / 602 46 00 60,B39822861,Comercio al por mayor de repuestos y accesorios de vehículos de motor,,,,
,10302,Escuela de Boxeo Iván Salcines,Faustino Cavadas,Escuela de Boxeo Iván Salcines,,Gimnasio,Gimnasio,,,C. Faustino Cavadas,26C,39011,,,699113170,,,,,,
,10303,Eprocal S.L.,Faustino Cavadas,Eprocal S.L.,,Almacén productos de calefacción,Almacén productos de calefacción,Oficios / Construcción,Materiales,C. Faustino Cavadas,5,39011,,eprocal@eprocal.es,942354191,B39508957,Comercio al por mayor de aparatos electrodomésticos,,,,
,10304,Grupo Interés,Faustino Cavadas,Grupo Interés,,Agencia de publicidad,Agencia de publicidad,Publicidad,Agencia,C. Faustino Cavadas,28B,39011,,info@grupointeres.com,942765081,B39680582,Agencias de publicidad,,,,
,10305,Rocódromo Quality Santander,Faustino Cavadas,Rocódromo Quality Santander,,Escalada,Escalada,,,C. Faustino Cavadas,"26, nave 8",39011,,info@qualityclimbingcenter.com,942107855,,,,,,
,10306,Eme,Faustino Cavadas,Eme,,Alquiler de maquinaria,Alquiler de maquinaria,,,C. Faustino Cavadas,26J,39011,,,,,,,,,
,10307,Sancar Motor S.L.,Faustino Cavadas,Sancar Motor S.L.,,Taller de automóviles,Taller de automóviles,Taller,Automóviles,C. Faustino Cavadas,"9L, nave 12",39011,,,942323890,B39792189,Mantenimiento y reparación de vehículos de motor,,,,
,10308,Sandocars,Faustino Cavadas,Sandocars,,Taller reparación automóviles,Taller reparación automóviles,Taller,Automóviles,C. Faustino Cavadas,24C,39011,,sandocars@sandocars.es,842840038 / 621289996,B67821959,Mantenimiento y reparación de vehículos de motor,,,,
,10309,Maderas Moratinos,Faustino Cavadas,Maderas Moratinos,,Venta de madera,Venta de madera,Almacén,Madera,C. Faustino Cavadas,"24D, nave 14",39011,,tableros@maderasmoratinos.com,942347298,B39390364,Venta de madera,,,,
,10310,Peluquería Cintia Peral,Faustino Cavadas,Peluquería Cintia Peral,,Peluquería,Peluquería,,,C. Hermanos Calderón,,39011,,,942324410,,,,,,
,10311,Insteler S.L.,Faustino Cavadas,Insteler S.L.,,Electricista,Electricista,Oficios / Construcción,Electricista,C. Hermanos Calderón,4,39011,,insteler@insteler.com,942331257,B39014147,Instalaciones eléctricas,,,,
,10312,Roomoko,Faustino Cavadas,Roomoko,,Diseñador de moda,Diseñador de moda,,,C. Manuel Vélez,"7B, 3ºb",39011,,,679818400,,,,,,
,10313,Pinturas Vangogh & reformas,Faustino Cavadas,Pinturas Vangogh & reformas,,Pintores,Pintores,Oficios / Construcción,Pintores,C. Manuel Vélez,9A,39011,,,615210897,E53812467,Pintura y acristalamiento,,,,
,10314,Construcciones y reformas Cesar,Faustino Cavadas,Construcciones y reformas Cesar,,Empresa de construcción,Empresa de construcción,Oficios / Construcción,Albañilería,C. Rogelio de Egusquiza,3,39011,,construcciones.cancesar@gmail.com,620289694,B39848437,Construcción de edificios residenciales,,,,
,10315,Go Fit Ruth Beitia,Faustino Cavadas,Go Fit Ruth Beitia,,Gimnasio,Gimnasio,Gimnasio,,Calle Rosalía de Castro,2,39011,,santander@go-fit.es,911190202,B85809416,Gestión de instalaciones deportivas,,,,
,10316,XPO Logistics,MercaSantander,XPO Logistics,,Empresa de transportes,Empresa de transportes,Transporte,Mercancías,Barrio San Martin,S/N,39011,,atencioncliente@xpo.com,942352352,B78503406,Transporte de mercancías por carretera,,,,
,10317,Carrocerías Migoba S.L.,MercaSantander,Carrocerías Migoba S.L.,,Concesionario de automóviles,Concesionario de automóviles,Taller,Automóviles,Barrio San Martín Mercasantander,Parc 14,39011,,talleresmigoba@gmail.com,942322249,B39677679,Reparación y mantenimiento de otro material de transporte,,,,
,10318,Frutas Manuel Llata S.L.,MercaSantander,Frutas Manuel Llata S.L.,,Frutería,Frutería,Mayorista,Fruta,"Bº San Martín Del Pino
 Urb. Las Acacias",5,39011,,frutasllata@gmail.com,942148665,B39446653,Comercio al por mayor de frutas y hortalizas,,,,
,10319,David Maza Rozas,MercaSantander,David Maza Rozas,,Mayorista de frutas y hortalizas,Mayorista de frutas y hortalizas,Mayorista,Fruta,"C/ Joaquín Salas 6, Mercasantander",Módulos 42-47-48-49,39011,,davidmazarozas@telefonica.net,942324921,B39628581,Comercio al por mayor de frutas y hortalizas,,,,
,10320,Esteve Hnos S.L.,MercaSantander,Esteve Hnos S.L.,,Mayorista de frutas y hortalizas,Mayorista de frutas y hortalizas,Mayorista,Fruta,"C/ Joaquín Salas 6, Mercasantander",Módulos 28-29-30-C5,39011,,esthn@ceoecant.es,942339011,B39023817,Comercio al por mayor de frutas y hortalizas,,,,
,10321,Ezequiel Hernando,MercaSantander,Ezequiel Hernando,,Mayorista de frutas y hortalizas,Mayorista de frutas y hortalizas,Mayorista,Fruta,"C/ Joaquín Salas 6, Mercasantander",Módulos 5,39011,,,942345589,B39407960,Comercio al por mayor de frutas y hortalizas,,,,
,10322,Frutas Briz S.L.,MercaSantander,Frutas Briz S.L.,,Frutería,Frutería,Mayorista,Fruta,"C/ Joaquín Salas 6, Mercasantander",Módulos 39-40-50-51-52,39011,,frutasbriz@ceoecant.es,942336290,B39203039,Comercio al por mayor de frutas y hortalizas,,,,
,10323,Frutas Espinosa S.A.,MercaSantander,Frutas Espinosa S.A.,,Frutería,Frutería,Mayorista,Fruta,"C/ Joaquín Salas 6, Mercasantander",Módulos 32-33-34,39011,,frutasespinosa@infonegocio.com,942334206,A39046339,Comercio al por mayor de frutas y hortalizas,,,,
,10324,Frutas Galdós S.L.,MercaSantander,Frutas Galdós S.L.,,Mayorista de frutas y Hortalizas,Mayorista de frutas y Hortalizas,Mayorista,Fruta,"C/ Joaquín Salas 6, Mercasantander",Módulos 54-55-56-31,39011,,frutasgaldos@hotmail.es,942337969,B39025093,Comercio al por mayor de frutas y hortalizas,,,,
,10325,Frutas Txiki Cantabria S.L.,MercaSantander,Frutas Txiki Cantabria S.L.,,Mayorista Frutas y Hortalizas,Mayorista Frutas y Hortalizas,Mayorista,Fruta,"C/ Joaquín Salas 6, Mercasantander",Módulos 12-13-14-C1,39011,,frutastxikicantabria@hotmail.com,638763484,B39604137,Comercio al por mayor de frutas y hortalizas,,,,
,10326,Gama 2020 S.L.,MercaSantander,Gama 2020 S.L.,,Gestión y explotación de varias fruterías,Gestión y explotación de varias fruterías,Tienda,Fruta,"C/ Joaquín Salas 6, Mercasantander",Módulos 11,39011,,josearcos@fruteriagama.es,942042230,B01668136,Comercio al por menor de frutas y hortalizas en establecimientos especializados,,,,
,10327,Vegetal Oro,MercaSantander,Vegetal Oro,,Frutería,Frutería,Tienda,Fruta,"C/ Joaquín Salas 6, Mercasantander",Módulos 17 y 18,39011,,,682248745,B39883731,Comercio al por menor de frutas y hortalizas en establecimientos especializados,,,,
,10328,Frutas La Montaña,MercaSantander,Frutas La Montaña,,Frutería,Frutería,Mayorista,Tienda,"C/ Joaquín Salas 6, Mercasantander",Módulos 41,39011,,frutas_valle@hotmail.com,942355528,B39790712,"Comercio al por mayor de cereales, tabaco en rama, simientes y alimentos para animales",,,,
,10329,José María Combarro S.A.,MercaSantander,José María Combarro S.A.,,Mayorista de frutas y hortalizas,Mayorista de frutas y hortalizas,Mayorista,Fruta,"C/ Joaquín Salas 6, Mercasantander",Módulos 37-38-43-44-45-46,39011,,josemaria@combarrofrutas.com,942337888,A39077177,Comercio al por mayor de frutas y hortalizas,,,,
,10330,Frutas María José González,MercaSantander,Frutas María José González,,Frutas,Frutas,Mayorista,Fruta,"C/ Joaquín Salas 6, Mercasantander",Módulos 1,39011,,oscarfrutas@outlook.es,676497516,J39344270,Comercio al por mayor de frutas y hortalizas,,,,
,10331,Riego Martínez S.L.,MercaSantander,Riego Martínez S.L.,,Mayorista de frutas y hortalizas,Mayorista de frutas y hortalizas,Mayorista,Fruta,"C/ Joaquín Salas 6, Mercasantander",Módulos 26 y 27,39011,,riego.sl@terra.es,942336869,B39349519,Comercio al por mayor de frutas y hortalizas,,,,
,10332,C.B. Pescados,MercaSantander,C.B. Pescados,,,,Mayorista,Pescados,"C/ Joaquín Salas 6, Mercasantander",Pab. Polv. 9,39011,,compras@centralbpescados.com,,,Comercio al por mayor de pescados,,,,
,10333,Cegar S.A.,MercaSantander,Cegar S.A.,,Mayorista de carnes,Mayorista de carnes,Mayorista,Carne,"C/ Joaquín Salas 6, Mercasantander",Pab. Polv. 11,39011,,cegar@tpi.infomail.es,942335026,A39046842,Comercio al por mayor de carne y productos cárnicos,,,,
,10334,La Cabaña 5 Continentes S.L.,MercaSantander,La Cabaña 5 Continentes S.L.,,Productos latinoamericanos y africanos,Productos latinoamericanos y africanos,Mayorista,Tienda,"C/ Joaquín Salas 6, Mercasantander",Pab. Polv. 1,39011,,lacabanya@5continentes.e.telefonica.net,942321774,B39807888,"Comercio al por mayor, no especializado, de productos alimenticios, bebidas y tabaco",,,,
,10335,Pescacant,MercaSantander,Pescacant,,Pescados y mariscos frescos de Cantabria,Pescados y mariscos frescos de Cantabria,Mayorista,Pescado,"C/ Joaquín Salas 6, Mercasantander",Pab. Polv. 8,39011,,pescacansl@pescadoschuchi.com,942347557,B39577440,"Comercio al por mayor de pescados, mariscos y otros productos alimenticios",,,,
,10336,Pescados Eduardo Rivero,MercaSantander,Pescados Eduardo Rivero,,Pescadería,Pescadería,Mayorista,Pescado,"C/ Joaquín Salas 6, Mercasantander",Pab. Polv. 16,39011,,pescados@eduardorivero.es,609226859,J39663000,"Comercio al por mayor de pescados, mariscos y otros productos alimenticios",,,,
,10337,Pescados Santander,MercaSantander,Pescados Santander,,Importación y exportación de pescado fresco,Importación y exportación de pescado fresco,Mayorista,Pescado,"C/ Joaquín Salas 6, Mercasantander",Pab. Polv. 15,39011,,administracion@pescadossantander.com,942347559,A39047832,"Comercio al por mayor de pescados, mariscos y otros productos alimenticios",,,,
,10338,Venancio Cacho,MercaSantander,Venancio Cacho,,Pescadería,Pescadería,Mayorista,Pescado,"C/ Joaquín Salas 6, Mercasantander",Pab. Polv. 13,39011,,,942322274,J39756705,"Comercio al por mayor de pescados, mariscos y otros productos alimenticios",,,,
,10339,Frigoríficos Pérez Barandica S.L.,MercaSantander,Frigoríficos Pérez Barandica S.L.,,Mayorista de marisco,Mayorista de marisco,Almacén,Marisco,"C/ Joaquín Salas 6, Mercasantander",19-B,39011,,fpb@barandica.es,942336789,B39366422,Depósito y almacenamiento,,,,
,10340,Guardería Ciempies,MercaSantander,Guardería Ciempies,,Centro de educación preescolar,Centro de educación preescolar,Formación,,"C/ Joaquín Salas 6, Mercasantander",13,39011,,sheilatrespalaciosnoriega@gmail.com,639568936,,,,,,
,10341,Lacera Cargo,MercaSantander,Lacera Cargo,,Servicio de transporte de mercancías,Servicio de transporte de mercancías,Transporte,Mercancías,"C/ Joaquín Salas 6, Mercasantander",Oficinas 4-5-6,39011,,fpuras@laceracargo.com,942355500,B39493432,Transporte de mercancías por carretera,,,,
,10342,Seguridad y Comunicaciones del Norte SLU,MercaSantander,Seguridad y Comunicaciones del Norte SLU,,"Instalación y mantenimiento de aparatos, equipos, dispositivos y sistemas de seguridad","Instalación y mantenimiento de aparatos, equipos, dispositivos y sistemas de seguridad",Seguridad,Electricidad,"C/ Joaquín Salas 6, Mercasantander",6,39011,,tucantabria@hotmail.com,680421738,B39833322,Instalaciones eléctricas,,,,
,10343,Compesca S.A.,MercaSantander,Compesca S.A.,,Mayorista de marisco,Mayorista de marisco,Mayorista,Pescado,"C/ Joaquín Salas, Mercasantander",6,39011,,compesca@compesca.com,942354422,A28249993,"Procesado de pescados, crustáceos y moluscos",,,,
,10344,Copaga Cantabria,MercaSantander,Copaga Cantabria,,Almacén de alimentación,Almacén de alimentación,Mayorista,Carne,"C/ Joaquín Salas, Mercasantander",6,39011,,copagacantabria@copagacantabria.com,942558811,A39046800,Comercio al por mayor de carne y productos cárnicos,,,,
,10345,Food 200 S.L.,MercaSantander,Food 200 S.L.,,Mayorista de carne,Mayorista de carne,Mayorista,Carne,"C/ Joaquín Salas, Mercasantander",6,39011,,administracion@food2000.es,942338803,B39316526,Comercio al por mayor de carne y productos cárnicos,,,,
,10346,Froxa S.A.,MercaSantander,Froxa S.A.,,"Elaboración y distribución de alimentos preparados, precocinados, pescados y mariscos","Elaboración y distribución de alimentos preparados, precocinados, pescados y mariscos",Mayorista,Pescado,"C/ Joaquín Salas, Mercasantander",6,39011,,sergio.herrera@froxa.com,942355619,A39064886,"Comercio al por mayor de pescados, mariscos y otros productos alimenticios",,,,
,10347,Grumain S.L.,MercaSantander,Grumain S.L.,,"Adquisición, tenencia, administración y enajenación de valores mobiliarios por cuenta propia","Adquisición, tenencia, administración y enajenación de valores mobiliarios por cuenta propia",Sociedades Holding,Mobiliario,"C/ Joaquín Salas, Mercasantander",6,39011,,,942352352,B39203690,Actividades de las sociedades holding,,,,
,10348,Pescados Barandica S.A.,MercaSantander,Pescados Barandica S.A.,,Mayorista de marisco,Mayorista de marisco,Mayorista,Marisco,"C/ Joaquín Salas, Mercasantander",19-B,39011,,fpb@barandica.es,942336088,A39030812,"Comercio al por mayor de pescados, mariscos y otros productos alimenticios",,,,
,10349,SDF Cantabria SL,MercaSantander,SDF Cantabria SL,,Transporte de mercancías por carretera en camiones frigoríficos,Transporte de mercancías por carretera en camiones frigoríficos,Transporte,Mercancías,"C/ Joaquín Salas, Mercasantander",6,39011,,sdfcantabria@sdfcantabria.com,902998281,B39594098,Transporte de mercancías por carretera,,,,
,10350,Salami,MercaSantander,Salami,,Mayorista de carnes,Mayorista de carnes,Elaboración,Carne,"C/ Joaquín Salas, Mercasantander",6,39011,,info@salami-sa.com,942339421,H39019575,Elaboración de productos cárnicos y de volatería,,,,
,10351,Sistemas Britor S.L.U,MercaSantander,Sistemas Britor S.L.U,,Fabricación y comercialización de surimi y preparados congelados de pescado,Fabricación y comercialización de surimi y preparados congelados de pescado,Fábrica,Pescado,"C/ Joaquín Salas, Mercasantander",6,39011,,sistemasbritor@vici.es,942348111,B85838779,Fabricación de conservas de pescado,,,,
,10352,Socorral SL,MercaSantander,Socorral SL,,Instalación de almacenamiento en frio,Instalación de almacenamiento en frio,Mayorista,Tienda,"C/ Joaquín Salas, Mercasantander",6,39011,,praomonte@yahoo.es,942332144,B39502232,"Comercio al por mayor de productos lácteos, huevos, aceites y grasas comestibles",,,,
,10353,La tienda del Huerto de AMPROS,MercaSantander,La tienda del Huerto de AMPROS,,Tienda de alimentos orgánicos,Tienda de alimentos orgánicos,,,"C/ Joaquín Salas, Mercasantander",6,39011,,ampros@ampros.org,942220658,G39010103,Otras Actividades De Apoyo A Las Empresas N.c.o.p.,,,,
,10354,Bar JR,MercaSantander,Bar JR,,Bar,Bar,Hostelería,Bar,"C/ Joaquín Salas, Mercasantander",6,39011,,raulraulraul6@hotmail.com,666562838,,,,,,
,10355,Cofrucan S.A.L.,MercaSantander,Cofrucan S.A.L.,,Mayorista de frutas y hortalizas,Mayorista de frutas y hortalizas,Mayorista,Fruta,C/ Mercasantander,puestos 6-7-8-23-24,39011,,cofrucan@gmail.com,942324600,A39412705,Comercio al por mayor de frutas y hortalizas,,,,
,10356,Talleres Reymec,Albericia Sur - Los Portuarios,Talleres Reymec,,Talleres Reymec,Talleres Reymec,Taller,Carpinteria metálica,C/ Los Portuarios,S/N,39012,,reymec@reymec.es,942338333,H39078928,Fabricación de otros productos metálicos n.c.o.p.,,,,
,10357,Rocódromo Club Alpino Tajahierro,Albericia Sur - Los Portuarios,Rocódromo Club Alpino Tajahierro,,Rocódromo Club Alpino Tajahierro,Rocódromo Club Alpino Tajahierro,Gimnasio,Gimnasio,C/ Los Portuarios,5 -7 C,39012,,tajahierro@gmail.com,942239473,G39012414,Montañismo,,,,
,10358,Tienda de Pinturas Tenysol,Albericia Sur - Los Portuarios,Tienda de Pinturas Tenysol,,Tienda de Pinturas Tenysol,Tienda de Pinturas Tenysol,Almacén,Pinturas,C/ Los Portuarios,S/N,39012,,tenysol@tenysol.com,942344352,H39031349,"Comercio al por menor de ferretería, pintura y vidrio en establecimientos especializados",,,,
,10359,Carrocerías Capi,Albericia Sur - Los Portuarios,Carrocerías Capi,,Carrocerías Capi,Carrocerías Capi,Taller,Automóviles,C/ La Prensa,nave 6-7,39012,,josecapi67@gmail.com,942343680,B39448717,Mantenimiento y reparación de vehículos de motor,,,,
,10360,Mafecar,Albericia Sur - Los Portuarios,Mafecar,,Mafecar,Mafecar,Taller,Automóviles,C/ La Prensa,"10, nave 3-4",39012,,t.mafercar@hotmail.com / info@mafercar.com,942340897,J39822333,Mantenimiento y reparación de vehículos de motor,,,,
,10361,Box Solvid,Albericia Sur - Los Portuarios,Box Solvid,,Box Solvid,Box Solvid,Taller,Automóviles,C/ La Prensa,10F,39012,,,,B10907459,Mantenimiento y reparación de vehículos de motor,,,,
,10362,Cofares Noroeste y del Cantábrico,Albericia Sur - Los Portuarios,Cofares Noroeste y del Cantábrico,,Cofares Noroeste y del Cantábrico,Cofares Noroeste y del Cantábrico,Almacén,Productos Sanitaios,C/ Albericia,S/N,39012,,atencionalcliente@cofares.es,949790000,F28140119,Comercio al por mayor de productos farmacéuticos,,,,
,10363,Te lo guardo yo,Albericia Sur - Los Portuarios,Te lo guardo yo,,Te lo guardo yo,Te lo guardo yo,Alquiler,Trasteros,C/ La Prensa,12,39012,,info@teloguardoyo.com / vitalrex@teloguardoyo.com,942020612,B39520150,Depósito y almacenamiento,,,,
,10364,Carrocerías Poldo e Hijos,Albericia Sur - Los Portuarios,Carrocerías Poldo e Hijos,,Carrocerías Poldo e Hijos,Carrocerías Poldo e Hijos,Taller,Automóviles,C/ La Prensa,S/N,39012,,info@carroceriaspoldoehijo.com,942323600,B39717038,Mantenimiento y reparación de vehículos de motor,,,,
,10365,Pidetaxi Cantabria,Albericia Sur - Los Portuarios,Pidetaxi Cantabria,,Pidetaxi Cantabria,Pidetaxi Cantabria,Transporte,Personas,C/ La Prensa,5,39012,,pidetaxi@pidetaxicantabria.es,942333333,B88424387,Transporte por taxi,,,,
,10366,Auto 10,Albericia Sur - Los Portuarios,Auto 10,,Auto 10,Auto 10,Concesionario,Automóviles,C/ La Prensa,1,39012,,,942324281 / 600545979,,Venta de automóviles y vehículos de motor ligeros,,,,
,10367,Borragan,Albericia Sur - Los Portuarios,Borragan,,Borragan,Borragan,,,C/ La Prensa,1,39012,,,942059112,,Distribución de periodicos y revistas,,,,
,10368,Cerramientos Metálicos y Plásticos Raos,Albericia Sur - Los Portuarios,Cerramientos Metálicos y Plásticos Raos,,Cerramientos Metálicos y Plásticos Raos,Cerramientos Metálicos y Plásticos Raos,Taller,Carpintería metálica,C/ La Prensa,3,39012,,cerramientosmetalicos@cerramientosmetalicos.com,615408105 / 942369108,B39100995,Fabricación de estructuras metálicas y sus componentes,,,,
,10369,AJM Asesoría y Proyectos Energéticos,Albericia Sur - Los Portuarios,AJM Asesoría y Proyectos Energéticos,,AJM Asesoría y Proyectos Energéticos,AJM Asesoría y Proyectos Energéticos,,,C/ Montes Carpatos,2,39012,,info@ajmproyectos.com,619038816,,Servicios técnicos de ingeniería,,,,
,10370,La Cocina de Chuchi,Albericia Sur - Los Portuarios,La Cocina de Chuchi,,La Cocina de Chuchi,La Cocina de Chuchi,Elaboración,Alimentos,C/ Albericia,S/N,39012,,,942062896,B39577440,"Comercio al por mayor de pescados, mariscos y otros productos alimenticios",,,,
,10371,AR Pando,Albericia Sur - Los Portuarios,AR Pando,,AR Pando,AR Pando,Taller,Automóviles,C/ Albericia,13,39012,,j.a.r.pando@hotmail.com / info@neumaticospando.es,942341492,G39735212,Comercio al por menor de repuestos y accesorios de vehículos de motor,,,,
,10372,El Solecito,Albericia Sur - Los Portuarios,El Solecito,,El Solecito,El Solecito,Hostelería,Restaurante,C/ Albericia,"13, bajo",39012,,elsolecito@elsolecito.com,942325118 / 625936053,B39516380,Otros servicios de comidas,,,,
,10373,Talleres Siper,Albericia Sur - Los Portuarios,Talleres Siper,,Talleres Siper,Talleres Siper,Taller,Automóviles,C/ Albericia,11,39012,,info@talleresiper.com,942347474,J39052527,Mantenimiento y reparación de vehículos de motor,,,,
,10374,Carnicería Charcutería J. González,Albericia Sur - Los Portuarios,Carnicería Charcutería J. González,,Carnicería Charcutería J. González,Carnicería Charcutería J. González,Tienda,Carne,C/ Albericia,45,39012,,,942038694,J39093919,Comercio al por menor de carne y productos cárnicos en establecimientos especializados,,,,
,10375,Mariscos Colomar,Albericia Sur - Los Portuarios,Mariscos Colomar,,Mariscos Colomar,Mariscos Colomar,Mayorista,Marisco,C/ Bratislava,3,39012,,pedidos@mariscoscolomar.com,942322004,B39371356,"Comercio al por mayor de pescados, mariscos y otros productos alimenticios",,,,
,10376,Fyeprofesional,Albericia Sur - Los Portuarios,Fyeprofesional,,Fyeprofesional,Fyeprofesional,Formación,Formación,C/ La Tejera,2,39012,,contacto@fyeprofesional.com / info@fyeprofesional.es,942407645 / 627263781,B39878764,Otra educación n.c.o.p.,,,,
,10377,Bosch car Service Autoluz Samaniego,Albericia Sur - Los Portuarios,Bosch car Service Autoluz Samaniego,,Bosch car Service Autoluz Samaniego,Bosch car Service Autoluz Samaniego,Taller,Automóviles,C/ La Tejera,8,39012,,al.samaniego@bosch-bcs.com / atencion_boschcarservice@es.bosch.com,942321155,J39719018,Mantenimiento y reparación de vehículos de motor,,,,
,10378,Ferretería Lima,Albericia Sur - Los Portuarios,Ferretería Lima,,Ferretería Lima,Ferretería Lima,Tienda,Ferretería,C/ La Tejera,S/N,39012,,info@ferreterialima.com,942323848,,"Comercio al por mayor de ferretería, fontanería y calefacción",,,,
,10379,Orointernet,Albericia Sur - Los Portuarios,Orointernet,,Orointernet,Orointernet,Informática,Programación,C/ La Tejera,5,39012,,,942241003,B39617162,Otras actividades relacionadas con la informática,,,,
,10380,Representaciones Trapaga S.L.,Albericia Sur - Los Portuarios,Representaciones Trapaga S.L.,,Representaciones Trapaga S.L.,Representaciones Trapaga S.L.,Mayorista,Ropa / Calzado,C/ La Tejera,"5, bajo PLT 3 . OFICINA 1",39012,,rtrapaga@gmail.com,609541571 / 942370180,H39626239,Comercio al por mayor de prendas de vestir y calzado,,,,
,10381,Aseguras,Albericia Sur - Los Portuarios,Aseguras,,Aseguras,Aseguras,Seguros,Seguros,C/ La Tejera,5,39012,,aseguras@espabrok.com / aseguras@aseguras.es,942318282,B39647938,Actividades de agentes y corredores de seguros,,,,
,10382,Ingeniería Agrícola Emilio Casuso S.L.,Albericia Sur - Los Portuarios,Ingeniería Agrícola Emilio Casuso S.L.,,Ingeniería Agrícola Emilio Casuso S.L.,Ingeniería Agrícola Emilio Casuso S.L.,Ingeniería,Ingeniería,C/ La Tejera,"Edificio San Luis, Planta 1",39012,,info@emiliocasuso.com,942323224,B39478532,Servicios técnicos de ingeniería y otras actividades relacionadas con el asesoramiento técnico,,,,
,10383,Activa Construcciones y Rehabilitación,Albericia Sur - Los Portuarios,Activa Construcciones y Rehabilitación,,Activa Construcciones y Rehabilitación,Activa Construcciones y Rehabilitación,Oficios / Construcción,Albañilería,C/ La Tejera,5A,309011,,activa@activaconstrucciones.es,942342923,B39775796,Construcción de edificios residenciales,,,,
,10384,Ofideco,Albericia Sur - Los Portuarios,Ofideco,,Ofideco,Ofideco,Tienda,Mobiliario Oficina,C/ Río Danubio,"1, planta 3, oficina 10",39012,,ofideco@ofideco.es,942364536,A39224753,Alquiler de bienes inmobiliarios por cuenta propia,,,,
,10385,Semarac,Albericia Sur - Los Portuarios,Semarac,,Semarac,Semarac,Publicidad,Publicidad,C/ Río Danubio,"1, Planta 2, oficina 9",39012,,pedro@semarac.com,942070780,B39698600,Otras actividades de impresión y artes gráficas,,,,
,10386,Thunder España Simulación,Albericia Sur - Los Portuarios,Thunder España Simulación,,Thunder España Simulación,Thunder España Simulación,Informática,Informática,C/ Río Danubio,"1, Planta 3, Oficina 8",39012,,thunder@thunderesp.com,942764984,B39699343,Investigación y desarrollo,,,,
,10387,FCP Formación Competencia Profesionalidad,Albericia Sur - Los Portuarios,FCP Formación Competencia Profesionalidad,,FCP Formación Competencia Profesionalidad,FCP Formación Competencia Profesionalidad,Formación,Formación,C/ Río Danubio,1,39012,,cursos@formacioncp.es,659479469 / 942313553,H39820709,Otras actividades de consultoría de gestión empresarial,,,,
,10388,Viacore IT,Albericia Sur - Los Portuarios,Viacore IT,,Viacore IT,Viacore IT,Informática,Informática,C/ Río Danubio,1,39012,,info@viacoreit.com,942333743,B39769690,Actividades de consultoría informática,,,,
,10389,Rentas y Capitales Inmobiliaria,Albericia Sur - Los Portuarios,Rentas y Capitales Inmobiliaria,,Rentas y Capitales Inmobiliaria,Rentas y Capitales Inmobiliaria,Inmobiliaria,Inmobiliaria,C/ Río Danubio,"1, Planta 2, oficina 8",39012,,info@rentasycapitales.es,942345994,B70637145,Promoción inmobiliaria,,,,
,10390,Gimnasio Sparta Sport,Albericia Sur - Los Portuarios,Gimnasio Sparta Sport,,Gimnasio Sparta Sport,Gimnasio Sparta Sport,Gimnasio,Gimnasio,C/ Gutiérrez Solana,6,39011,,administracion@spartasportcenter.com,942345551,B71173884,Otras actividades deportivas,,,,
,10391,Inarteco,Albericia Sur - Los Portuarios,Inarteco,,Inarteco,Inarteco,Arquitecto,Arquitecto,C/ Gutiérrez Solana,14,39012,,iaytc@inarteco.com,942763626,B39740253,Servicios técnicos de ingeniería y otras actividades relacionadas con el asesoramiento técnico,,,,
,10392,Bazar Europa,Albericia Sur - Los Portuarios,Bazar Europa,,Bazar Europa,Bazar Europa,Tienda,Bazar,C/ Gutiérrez Solana,16,39011,,,,,,,,,
,10393,Agustín Campos Francisco de Asís,Albericia Sur - Los Portuarios,Agustín Campos Francisco de Asís,,Agustín Campos Francisco de Asís,Agustín Campos Francisco de Asís,Farmacia,Farmacia,C/ Gutiérrez Solana,s/n,39011,,,942300635,,,,,,
,10394,Gimnasio McFit,Albericia Sur - Los Portuarios,Gimnasio McFit,,Gimnasio McFit,Gimnasio McFit,Gimnasio,Gimnasio,C/ Gutiérrez Solana,18,39011,,atencioncliente@mcfit.com,942940101,B57223570,,,,,
,10395,Tedy Comercio SLU,Albericia Sur - Los Portuarios,Tedy Comercio SLU,,Tedy Comercio SLU,Tedy Comercio SLU,Tienda,Artículos Hogar,C/ Gutiérrez Solana,1,39011,,,961367900,B87147302,,,,,
,10396,Mercadona,Albericia Sur - Los Portuarios,Mercadona,,Mercadona,Mercadona,Supermercado,Supermercado,C/ Gutiérrez Solana,18,39011,,facturasclientes@mercadona.es,800500220,A46103834,,,,,
,10397,Bergé,Puerto de Santander,Bergé,,Operador logístico especializado en vehículos y automoción,Operador logístico especializado en vehículos y automoción,Depósito,Depósito,Av. Parayas,S/N,39011,,comitedpd@bergelogistics.com,942221400,B79374526,Depósito y almacenamiento,,,,
,10398,Palibex,Puerto de Santander,Palibex,,Transporte,Transporte,Transporte,Mercancías,Espigón central de Raos,Muelles 7 y 8,39011,,info@palibex.com,942079750,,,,,,
,10399,Groupe CAT LV Santander,Puerto de Santander,Groupe CAT LV Santander,,"Compras, otros","Compras, otros","Compras, otros","Compras, otros",Puerto de Raos,S/N,,,,942352283,,,,,,
,10400,Sintax Logística,Puerto de Santander,Sintax Logística,,Multinacional de servicios logísticos integrales sector automoción,Multinacional de servicios logísticos integrales sector automoción,Transporte,Marítimo,Puerto de Raos,S/N,39011,,info@sintax.com,942321416,A58590670,Otras actividades anexas al transporte,,,,
,10401,Intermodal Sea Solutions,Puerto de Santander,Intermodal Sea Solutions,,Transporte intermodal,Transporte intermodal,Transporte,Intermodal,Puerto de Raos,S/N,39011,,ventas@intermodalss.com,942331997,B39711916,Transporte marítimo de mercancías,,,,
,10402,Alkion Terminal Santander,Puerto de Santander,Alkion Terminal Santander,,Almacén,Almacén,Depósito,Depósito,Puerto de Raos,S/N,39011,,amoreno@alkion.com,942343634,A28579480,Depósito y almacenamiento,,,,
,10403,Noatum,Puerto de Santander,Noatum,,"Servicios marítimos, logísticos y operaciones portuarias","Servicios marítimos, logísticos y operaciones portuarias",Transporte,Marítimo,Puerto de Raos,S/N,39011,,info@noatum.com,942352265,A17000704,Otras actividades anexas al transporte,,,,
,10404,Boluda Maritime Terminals Santander,Puerto de Santander,Boluda Maritime Terminals Santander,,Servicio de transporte,Servicio de transporte,Transporte,Marítimo,Puerto de Raos,C5WJ+Q2,39011,,,942063360,A82392101,Actividades anexas al transporte marítimo y por vías navegables interiores,,,,
,10405,Terminal de Graneles Agroalimentarios de Santander,Puerto de Santander,Terminal de Graneles Agroalimentarios de Santander,,Empresa portuaria,Empresa portuaria,Transporte,Transporte,Puerto de Raos,S/N,39011,,tasa@tasasantander.com,942352966,H39059043,Manipulación de mercancías,,,,
,10406,SGA Graneles,Puerto de Santander,SGA Graneles,,"Recepción, almacenamiento y expedición de graneles agroalimentarios","Recepción, almacenamiento y expedición de graneles agroalimentarios",Almacén,Almacén,Puerto de Raos,S/N,39011,,,942352966,,,,,,
,10407,Santander Coated,Puerto de Santander,Santander Coated,,Oficinas: productor internacional de bobinas de acero,Oficinas: productor internacional de bobinas de acero,Fábrica,Siderurgia,"Puerto Raos, Espigón Norte",Área 10.1,39011,,info@coatedsolution.com,942947025,H39790571,"Fabricación de productos básicos de hierro, acero y ferroaleaciones",,,,
,10408,CLDN CARGO NV,Puerto de Santander,CLDN CARGO NV,,Almacén,Almacén,Almacén,Almacén,Vial Sur del Espigón Central,S/N,39011,,info@cldncargo.com,942873718,,,,,,
,,Atstroland Agencia Interplanetaria,PCTCAN,Atstroland Agencia Interplanetaria,,,,Aeronáutica,Aeronáutica,"PCTCAN, C/ Adarzo",124 A,39011,,info@astrolandagency.com,942627073,B39860739,Otras actividades de construcción especializada n.c.o.p.,,,,
,,"Consejería de Ganadería, pesca y Desarrollo Rural",PCTCAN,"Consejería de Ganadería, pesca y Desarrollo Rural",,,,Agricultura,Conserjería,C/ Albert Einstein,2 (Edificio Apia XXI),39011,,cdesarrollorural@cantabria.es,942207853,,"Servicios relacionados con la producción, cría y reproducción animal y actividades de agricultura y pesca.",,,,
,,Dirección General de Desarrollo Rural,PCTCAN,Dirección General de Desarrollo Rural,,,,Agricultura,Dirección General,C/ Albert Einstein,"2, 5ª Planta",39011,,dgdesarrollorural@cantabria.es,942207839,,Planificación y programación de la política de desarrollo rural,,,,
,,Dirección General de Pesca y Alimentación,PCTCAN,Dirección General de Pesca y Alimentación,,,,Pesca,Dirección General,C/ Albert Einstein,"2, 5ª Planta",39011,,dgganaderia@cantabria.es,942207841,,Orgnanización común de mercado de pesca,,,,
,,Dirección General de Montes y Conservación de la Naturaleza,PCTCAN,Dirección General de Montes y Conservación de la Naturaleza,,,,Rural,Dirección General,C/ Albert Einstein,"2, 5ª Planta",39011,,dgmedionatural@cantabria.es,942207593,,"Planfificación y gestión de espacios naturales protegidos, fomento del medio natural y lucha contra el cambio climático",,,,
,,"Dirección General de Innovación, Desarrollo Tecnológico y Emprendimiento",PCTCAN,"Dirección General de Innovación, Desarrollo Tecnológico y Emprendimiento",,,,Informática,Dirección General,C/ Albert Einstein,"2, 4ª Planta",39011,,dgiem@cantabria.es,942200033,,"Fomentar la cultura de la innovación en toda la sociedad Cántabra, en especial en el entorno empresarial y científco",,,,
,,"Consejería de Innovación, Industria, Turismo y Comercio",PCTCAN,"Consejería de Innovación, Industria, Turismo y Comercio",,,,Turismo,Dirección General,C/ Albert Einstein,"2, 5ª Planta",39011,,cindustria@cantabria.es.,942208470,,Habiltación de empresas de servicios en materia de seguridad industrial,,,,
,,Dirección General de Comercio y Consumo,PCTCAN,Dirección General de Comercio y Consumo,,,,Consumo,Conserjería,C/ Albert Einstein,"2, 3ª Planta",39011,,servicioconsumo@cantabria.es,942208265,,Mantener un contacto frecuente con asociaciones de consumidores,,,,
,,Dirección General de Turismo,PCTCAN,Dirección General de Turismo,,,,Turismo,Dirección General,C/ Albert Einstein,"2, 2ª Planta",39011,,dgturismo@cantabria.es,942207518,,"Diseñar, dirigir, ejecutar y controlar planes, programas de turismo",,,,
,,CANTUR,PCTCAN,CANTUR,,,,Recreativas,Turística,C/ Albert Einstein,4,39011,,lopd@cantur.com,942318950,A39008073,"Actividades de los jardines botánicos, parques zoológicos y reservas naturales.",,,,
,,Ambar Telecomunicaciones,PCTCAN,Ambar Telecomunicaciones,,,,Ingeniería,Telecomunicaciones,C/ Albert Einstein,8,39011,,ambartel@ambar.es,942344468,B39363387,Servicios técnicos de ingeniería y otras actividades relacionadas con el asesoramiento técnico,,,,
,,WSP – Apia,PCTCAN,WSP – Apia,,,,Ingeniería,Ingeniería,C/ Albert Einstein,6,39011,,info@wsp.com,942290260,A39074877,Servicios técnicos de ingeniería y otras actividades relacionadas con el asesoramiento técnico,,,,
,,TTI Norte,PCTCAN,TTI Norte,,,,Informática,Programación y consultoría informática,C/ Albert Einstein,14,39011,,gdpr@ttinorte.es,942291212,B39385083,Otras actividades de telecomunicaciones,,,,
,,Santander Teleport,PCTCAN,Santander Teleport,,,,Telecomunicaciones,Telecomunicaciones,C/ Albert Einstein,44,39011,,gdpr@santanderteleport.com,942016346,B39725999,Telecomunicaciones por satélite,,,,
,,Instituto de Biomedicina y Biotecnología de Cantabria,PCTCAN,Instituto de Biomedicina y Biotecnología de Cantabria,,,,Formación,Formación,C/ Albert Einstein,22,39011,,gerencia.ibbtec@csic.es,942203930,,Investigación científica de calidad en la biomedicina,,,,
,,Seidor,PCTCAN,Seidor,,,,Informática,Telecomunicaciones,C/ Albert Einstein,12 (Edificio Cesoin),39011,,info@seidor.com,911274100,A39042999,Compraventa de bienes inmobiliarios por cuenta propia,,,,
,,Innpulsa Consultores,PCTCAN,Innpulsa Consultores,,,,Informática,Programación y consultoría informática,C/ Albert Einstein,12,39011,,noelia@innpulsaconsultores.com,942947386,B39796602,"Actividades de contabilidad, teneduría de libros, auditoría y asesoría fiscal",,,,
,,Viavox Interactive,PCTCAN,Viavox Interactive,,,,Informática,Programación y consultoría informática,C/ Albert Einstein,12,39011,,atencionalcliente@viavox.com,942888375,B39698022,Actividades de programación informática,,,,
,,NNT Data,PCTCAN,NNT Data,,,,Informática,Telecomunicaciones,C/ Albert Einstein,Edificio Bisalia,39011,,infoweb@nttdata.com,942295800,B82387770,Actividades de consultoría informática,,,,
,,iTecan,PCTCAN,iTecan,,,,Informática,"Desarrollo de Software Empresarial, aplicaciones informáticas, telecomunicaciones, desarrollo web y marketing aplicado",C/ Albert Einstein,"12, Planta 1, oficina 12",39011,,info@itecan.es,942266358,B39740287,Actividades de consultoría informática,,,,
,,Atento,PCTCAN,Atento,,,,,Telecomunicaciones,C/ Albert Einstein,"18, Edificio Salía",39011,,dpo@atento.com,942266384,A78751997,Actividades de los centros de llamadas,,,,
,,Green Capital Power,PCTCAN,Green Capital Power,,,,Compañía eléctrica,Consultoría,C/ Albert Einstein,"18, Edificio Salía",39011,,jm.guasch@capitalenergy.com,699291567,B85945475,Producción de energía eléctrica de origen eólico,,,,
,,Control Voice Lab,PCTCAN,Control Voice Lab,,,,,Telecomunicaciones,C/ Albert Einstein,"18, Planta 1, 2 y 3",39011,,,942246000,,Centro de escucha activa y excelencia de clientes del Banco Santander,,,,
,,Software Isban de Cantabria,PCTCAN,Software Isban de Cantabria,,,,Informática,Programación y consultoría informática,C/ Albert Einstein,"18, Planta 3, (oficinas 1-7)",39011,,risban@isban.es,914704002,B83325076,Otros servicios relacionados con las tecnologías de la información y la informática,,,,
,,Cantra,PCTCAN,Cantra,,,,Fabricación electrodomésticos,Comercio al por mayor de aparatos electrodomésticos,C/ Albert Einstein,"18, Planta 4 (oficinas 4-9)",39011,,cantra@cantra.es,942318053,B39297569,Comercio al por mayor de aparatos electrodomésticos,,,,
,,Schenker Logistic,PCTCAN,Schenker Logistic,,,,Mensajería,Servicios logísticos integrales,C/ Albert Einstein,"18, Planta 4 (oficinas 4)",39011,,bilbao.spain@schenker.com,942352305,A08363541,Otras actividades anexas al transporte,,,,
,,Fundación Camino Lebaniego,PCTCAN,Fundación Camino Lebaniego,,,,Institucional,Turismo,C/ Albert Einstein,"18, Planta 4",39011,,info@caminolebaniego.com,942502700,G39869094,Promoción y difusión del camino lebaniego,,,,
,,Plenitude,PCTCAN,Plenitude,,,,Compañía eléctrica,Suministro de luz procedente de fuentes renovables en España,C/ Albert Einstein,20,39011,,rrhh@eniplenitude.es,902646022,B39793294,Comercio de energía eléctrica,,,,
,,Icomap,PCTCAN,Icomap,,,,Ingeniería,"Gestión, proyección y dirección técnica de todo tipo de obras",PCTCAN,"Edificio 3000, oficina 10",39011,,icomap@icomap.es,942376364,B39020938,Servicios técnicos de ingeniería y otras actividades relacionadas con el asesoramiento técnico,,,,
,,ITD Medioambiental,PCTCAN,ITD Medioambiental,,,,Consultoría medioambiental,Consultorías medioambientales,PCTCAN,"Edificio 3000, oficina 15",39011,,info@itdmedioambiente.es,666812676,B39789722,Búsqueda de soluciones y herramientas eficaces basadas en las nuevas tecnologías,,,,
,,CIC - Consulting informático de Cantabria,PCTCAN,CIC - Consulting informático de Cantabria,,,,Informática,Programación y consultoría informática,"PCTCAN, C/ Isabel Torres",3,39011,,soluciones@cic.es,902269017,B39361019,Otros servicios relacionados con las tecnologías de la información y la informática,,,,
,,Fundación Centro Tecnológico de Componentes,PCTCAN,Fundación Centro Tecnológico de Componentes,,,,Investigación,Tecnologías industriales,"PCTCAN, C/ Isabel Torres",Planta -1. Oficina 15,39011,,info@centrotecnologicoctc.com,942766976,G39492947,Otra Investigación Y Desarrollo Experimental En Ciencias Naturales Y Técnicas,,,,
,,Quiter Servicios Informáticos,PCTCAN,Quiter Servicios Informáticos,,,,Informática,Programación y consultoría informática,"PCTCAN, C/ Isabel Torres",5,39011,,verifactu@quiter.com,942328100,B39376033,Programación de ordenadores y software,,,,
,,Semicrol,PCTCAN,Semicrol,,,,Informática,Programación y consultoría informática,"PCTCAN, C/ Isabel Torres",7,39011,,semicrol@semicrol.com,942314224,B39024732,Actividades de consultoría informática,,,,
,,Sociedad Gestora del PCTCAN,PCTCAN,Sociedad Gestora del PCTCAN,,,,,Institucional,"PCTCAN, C/ Isabel Torres",1,39011,,pctcan@pctcan.es,942290003,B39592076,Compraventa de bienes inmobiliarios por cuenta propia,,,,
,,Sociedad para el Desarrollo de Cantabria,PCTCAN,Sociedad para el Desarrollo de Cantabria,,,,,Institucional,"PCTCAN, C/ Isabel Torres",1,39011,,lopdsodercan@gruposodercan.es,942290004,A39044557,Actividades generales de la Administración Pública,,,,
,,Suelo Industrial de Cantabria,PCTCAN,Suelo Industrial de Cantabria,,,,,Institucional,"PCTCAN, C/ Isabel Torres","1, 1ª Planta",39011,,,942290005,B39450986,Compraventa de bienes inmobiliarios por cuenta propia,,,,
,,Fundación Instituto Hidráulica Ambiental de Cantabria,PCTCAN,Fundación Instituto Hidráulica Ambiental de Cantabria,,,,Investigación,"Fundación (Organización de derecho privado del sector público autonómico y de naturaleza fundacional, sin ánimo de lucro, que nace con el propósito fundamental de fomentar y apoyar la investigación básica y aplicada y el desarrollo de estudios, metodologías y herramientas para la gestión integrada de los ecosistemas acuáticos incluyendo las aguas continentales superficiales y subterráneas, las aguas de transición y las aguas costeras)","PCTCAN, C/ Isabel Torres",15,39011,,info@ihcantabria.com,942202281,G39655170,Otra Investigación Y Desarrollo Experimental En Ciencias Naturales Y Técnicas,,,,
,,Viesgo,PCTCAN,Viesgo,,,,Compañía eléctrica,Otros,"PCTCAN, C/ Isabel Torres",3,39011,,distribucion_viesgo@viesgo.com,942246000,B85304558,Actividades de las sociedades holding,,,,
,,Universidad Europea del Atlántico,PCTCAN,Universidad Europea del Atlántico,,,,Formación,Formación,"PCTCAN, C/ Isabel Torres",21,39011,,info@uneatlantico.es,942244244,G39764972,Educación Universitaria,,,,
,,Citican,PCTCAN,Citican,,,,Investigación,Grupos de investigación privados,"PCTCAN, C/ Isabel Torres",21,39011,,info@citican.org,942948045,G39789920,Otra Investigación Y Desarrollo Experimental En Ciencias Naturales Y Técnicas,,,,
,,TST Sistemas,PCTCAN,TST Sistemas,,,,Ingeniería,Consultora tecnológica,"PCTCAN, C/ Isabel Torres",9,39011,,sales@tst-sistemas.es,942760540,A39669338,Servicios técnicos de ingeniería y otras actividades relacionadas con el asesoramiento técnico,,,,
,,Apte,PCTCAN,Apte,,,,Ingeniería,Telecomunicaciones,"PCTCAN, C/ Isabel Torres",9,39011,,sales@celestia-tech.com,942377020,B39726690,Servicios técnicos de ingeniería y otras actividades relacionadas con el asesoramiento técnico,,,,
,,ASYSOL,PCTCAN,ASYSOL,,,,Fabricación equipos electrónicos,Electrónica,"PCTCAN, C/ Isabel Torres",9,39011,,info-es@asysol.com,942050485,B85908424,Fabricación de equipos de telecomunicaciones,,,,
,,Centro de Innovación de Servicios Avanzados,PCTCAN,Centro de Innovación de Servicios Avanzados,,,,Informática,Telecomunicaciones,"PCTCAN, C/ Isabel Torres",19,39011,,cisga@cisga.es,942344468,B39740170,"Proceso de datos, hosting y actividades relacionadas",,,,
,,Atos,PCTCAN,Atos,,,,Informática,Telecomunicaciones,"PCTCAN, C/ Isabel Torres",19,39011,,cgt.santander@atos.net,942015475,B39742861,Otros servicios relacionados con las tecnologías de la información y la informática,,,,
,,Repsol,PCTCAN,Repsol,,,,Compañía eléctrica,"Suministro de energía eléctrica, gas, vapor y aire acondicionado","PCTCAN, C/ Isabel Torres",19,39011,,gestion.clientes@repsolluzygas.com,917538000,A62733126,Producción de energía eléctrica de otros tipos,,,,
,,EuroCastalia Comunicación,PCTCAN,EuroCastalia Comunicación,,,,Informática,Telecomunicaciones,"PCTCAN, C/ Isabel Torres",11º A 2º,39011,,info@eurocastalia.com,942241134,A39507256,Gestión de recursos informáticos,,,,
,,Ingeniería de Productividad y Sistemas Norte,PCTCAN,Ingeniería de Productividad y Sistemas Norte,,,,Informática,"Información, informática y telecomunicaciones.","PCTCAN, C/ Isabel Torres",11,39011,,ips-norte@ips-norte.com,942260015,B83204354,Servicios técnicos de ingeniería y otras actividades relacionadas con el asesoramiento técnico,,,,
,,Berten DSP,PCTCAN,Berten DSP,,,,Informática,Programación y consultoría informática,"PCTCAN, C/ Isabel Torres",11B,39011,,berten@bertendsp.com,942181011,B39807912,Servicios técnicos de ingeniería y otras actividades relacionadas con el asesoramiento técnico,,,,
,,Arcanos Intercom,PCTCAN,Arcanos Intercom,,,,Telecomunicaciones,Telecomunicaciones,"PCTCAN, C/ Isabel Torres",11A Local 2,39011,,arcanos@arcanos.es,942072801,B39629506,Telecomunicaciones inalámbricas,,,,
,,A.T. Medtra,PCTCAN,A.T. Medtra,,,,Informática,Programación y consultoría informática,"PCTCAN, C/ Isabel Torres",11,39011,,atmedtra@atmedtra.es,942235141,B39305156,"Otras actividades profesionales, científicas y técnicas n.c.o.p.",,,,
,,Deduce Data Solutions,PCTCAN,Deduce Data Solutions,,,,Informática,Programación y consultoría informática,"PCTCAN, C/ Isabel Torres",13 Planta 2i,39011,,contacto@deducedatasolutions.com,657334483,B02761179,Actividades de programación informática,,,,
,,Gregorio Rodríguez,PCTCAN,Gregorio Rodríguez,,,,Ingeniería,"Ingeniería, asesoría y consultoría","PCTCAN, C/ Isabel Torres",11 Módulo 3,39011,,,,,Herramienta de Comunicaciones Unificadas con CRM y sofware de atención al cliente,,,,
,,Astroline,PCTCAN,Astroline,,,,Informática,Programación y consultoría informática,"PCTCAN, C/ Isabel Torres",11 Módulo 5,39011,,ventas@astroline.com,900287287,,"Desarrollo de Software Empresarial, aplicaciones informáticas, telecomunicaciones, desarrollo web y marketing aplicado",,,,
,,Ingeper,PCTCAN,Ingeper,,,,Informática,Programación y consultoría informática,"PCTCAN, C/ Isabel Torres","11, Oficina 9",39011,,ingeper@ingeper.com,942172925,B39837299,Evaluación de riesgos y daños,,,,
,,ZZIRCOM,PCTCAN,ZZIRCOM,,,,Informática,Telecomunicaciones,"PCTCAN, C/ Isabel Torres","11, Módulo 11",39011,,comercial@zzircon.com,609721021,B39827654,Otros servicios relacionados con las tecnologías de la información y la informática,,,,
,,Ecos Canarias,PCTCAN,Ecos Canarias,,,,Consultoría medioambiental,Consultorías medioambientales,"PCTCAN, C/ Isabel Torres",11A oficina 2,39011,,santander@ecosgroup.es,928426913,H35964337,Otra investigación y desarrollo experimental en ciencias naturales y técnicas,,,,
,,Nubistalia,PCTCAN,Nubistalia,,,,Informática,Servicio tecnológico integral,"PCTCAN, C/ Isabel Torres","11, Módulo 17",39011,,info@nubistalia.com,680510478,H39755517,Otros servicios relacionados con las tecnologías de la información y la informática,,,,
,,TC Industrial,PCTCAN,TC Industrial,,,,Comercio equipos electrónicos,Distribuidor de procesos de automatización,"PCTCAN, C/ Isabel Torres","11, Módulo 20",39011,,tc@tcindustrial.com,942103321,A33632308,Comercio al por mayor de equipos electrónicos y de telecomunicaciones y sus componentes,,,,
,,Sopra Group Informática,PCTCAN,Sopra Group Informática,,,,Informática,Programación y consultoría informática,"PCTCAN, C/ Isabel Torres","19, Planta 1 (Edificio Cisga)",39011,,info_es@soprasteria.com,942320100,U86459773,Gestión de recursos informáticos,,,,
,,Universidad Europea del Atlántico,PCTCAN,Universidad Europea del Atlántico,,,,Formación,Centro de investigación,"PCTCAN, C/ Isabel Torres",21,39011,,info@uneatlantico.es.,942244244,Q3918001C,Educación universitaria,,,,